/*******************************************************************************
 * Size: 38 px
 * Bpp: 4
 * Opts: --font JetBrainsMonoNerdFont-SemiBold.ttf -r 0x20-0x7E --size 38 --bpp 4 --no-compress --force-fast-kern-format --format lvgl --lv-include lvgl.h --lv-font-name wavex_mono_38 -o firmware/esp32/components/ui/fonts/wavex_mono_38.c
 ******************************************************************************/

#ifdef LV_LVGL_H_INCLUDE_SIMPLE
#include "lvgl.h"
#else
#include "lvgl.h"
#endif

#ifndef WAVEX_MONO_38
#define WAVEX_MONO_38 1
#endif

#if WAVEX_MONO_38

/*-----------------
 *    BITMAPS
 *----------------*/

/*Store the image of the glyphs*/
static LV_ATTRIBUTE_LARGE_CONST const uint8_t glyph_bitmap[] = {
    /* U+0020 " " */

    /* U+0021 "!" */
    0xe, 0xff, 0xfb, 0x0, 0xef, 0xff, 0xa0, 0xd,
    0xff, 0xfa, 0x0, 0xdf, 0xff, 0xa0, 0xc, 0xff,
    0xf9, 0x0, 0xcf, 0xff, 0x90, 0xc, 0xff, 0xf8,
    0x0, 0xbf, 0xff, 0x80, 0xb, 0xff, 0xf7, 0x0,
    0xaf, 0xff, 0x70, 0xa, 0xff, 0xf7, 0x0, 0x9f,
    0xff, 0x60, 0x9, 0xff, 0xf6, 0x0, 0x9f, 0xff,
    0x50, 0x8, 0xff, 0xf5, 0x0, 0x8f, 0xff, 0x40,
    0x7, 0xff, 0xf4, 0x0, 0x7f, 0xff, 0x40, 0x7,
    0xff, 0xf3, 0x0, 0x1, 0x11, 0x0, 0x0, 0x0,
    0x0, 0x0, 0x0, 0x0, 0x0, 0x5, 0xab, 0xa3,
    0x4, 0xff, 0xff, 0xf2, 0x8f, 0xff, 0xff, 0x66,
    0xff, 0xff, 0xf3, 0x9, 0xff, 0xe7, 0x0,

    /* U+0022 "\"" */
    0x1f, 0xff, 0xf6, 0x0, 0x9, 0xff, 0xfe, 0xf,
    0xff, 0xf5, 0x0, 0x8, 0xff, 0xfd, 0xf, 0xff,
    0xf5, 0x0, 0x8, 0xff, 0xfd, 0xf, 0xff, 0xf4,
    0x0, 0x7, 0xff, 0xfc, 0xf, 0xff, 0xf4, 0x0,
    0x7, 0xff, 0xfc, 0xf, 0xff, 0xf4, 0x0, 0x7,
    0xff, 0xfc, 0xe, 0xff, 0xf3, 0x0, 0x6, 0xff,
    0xfb, 0xe, 0xff, 0xf3, 0x0, 0x6, 0xff, 0xfb,
    0xd, 0xff, 0xf3, 0x0, 0x5, 0xff, 0xfb, 0xd,
    0xff, 0xf2, 0x0, 0x5, 0xff, 0xfa, 0xd, 0xff,
    0xf2, 0x0, 0x4, 0xff, 0xfa, 0x3, 0x44, 0x40,
    0x0, 0x1, 0x44, 0x42,

    /* U+0023 "#" */
    0x0, 0x0, 0x0, 0x1f, 0xfe, 0x0, 0x0, 0x5,
    0xff, 0xa0, 0x0, 0x0, 0x0, 0x4, 0xff, 0xb0,
    0x0, 0x0, 0x8f, 0xf7, 0x0, 0x0, 0x0, 0x0,
    0x7f, 0xf8, 0x0, 0x0, 0xb, 0xff, 0x40, 0x0,
    0x0, 0x0, 0xa, 0xff, 0x50, 0x0, 0x0, 0xef,
    0xf1, 0x0, 0x0, 0x0, 0x0, 0xdf, 0xf2, 0x0,
    0x0, 0x1f, 0xfe, 0x0, 0x0, 0x0, 0x0, 0x1f,
    0xfe, 0x0, 0x0, 0x5, 0xff, 0xa0, 0x0, 0x0,
    0x0, 0x4, 0xff, 0xb0, 0x0, 0x0, 0x8f, 0xf7,
    0x0, 0x0, 0x4d, 0xdd, 0xef, 0xff, 0xdd, 0xdd,
    0xdf, 0xff, 0xed, 0xd6, 0x5, 0xff, 0xff, 0xff,
    0xff, 0xff, 0xff, 0xff, 0xff, 0xff, 0x70, 0x5f,
    0xff, 0xff, 0xff, 0xff, 0xff, 0xff, 0xff, 0xff,
    0xf7, 0x0, 0x0, 0xe, 0xff, 0x10, 0x0, 0x3,
    0xff, 0xc0, 0x0, 0x0, 0x0, 0x1, 0xff, 0xe0,
    0x0, 0x0, 0x6f, 0xf9, 0x0, 0x0, 0x0, 0x0,
    0x4f, 0xfb, 0x0, 0x0, 0x8, 0xff, 0x70, 0x0,
    0x0, 0x0, 0x7, 0xff, 0x80, 0x0, 0x0, 0xbf,
    0xf4, 0x0, 0x0, 0x0, 0x0, 0xaf, 0xf5, 0x0,
    0x0, 0xe, 0xff, 0x10, 0x0, 0x0, 0x0, 0xd,
    0xff, 0x20, 0x0, 0x1, 0xff, 0xe0, 0x0, 0x0,
    0x0, 0x0, 0xff, 0xf0, 0x0, 0x0, 0x4f, 0xfb,
    0x0, 0x0, 0xa, 0xff, 0xff, 0xff, 0xff, 0xff,
    0xff, 0xff, 0xff, 0xff, 0x20, 0xaf, 0xff, 0xff,
    0xff, 0xff, 0xff, 0xff, 0xff, 0xff, 0xf2, 0x8,
    0xdd, 0xef, 0xfe, 0xdd, 0xdd, 0xdf, 0xff, 0xdd,
    0xdd, 0x10, 0x0, 0xb, 0xff, 0x40, 0x0, 0x0,
    0xff, 0xf0, 0x0, 0x0, 0x0, 0x0, 0xef, 0xf1,
    0x0, 0x0, 0x2f, 0xfd, 0x0, 0x0, 0x0, 0x0,
    0x1f, 0xfe, 0x0, 0x0, 0x5, 0xff, 0xa0, 0x0,
    0x0, 0x0, 0x4, 0xff, 0xb0, 0x0, 0x0, 0x8f,
    0xf7, 0x0, 0x0, 0x0, 0x0, 0x7f, 0xf8, 0x0,
    0x0, 0xb, 0xff, 0x40, 0x0, 0x0, 0x0, 0xa,
    0xff, 0x50, 0x0, 0x0, 0xef, 0xf1, 0x0, 0x0,
    0x0, 0x0, 0xdf, 0xf2, 0x0, 0x0, 0x2f, 0xfe,
    0x0, 0x0, 0x0, 0x0,

    /* U+0024 "$" */
    0x0, 0x0, 0x0, 0x0, 0xaf, 0xa0, 0x0, 0x0,
    0x0, 0x0, 0x0, 0x0, 0x0, 0xa, 0xfa, 0x0,
    0x0, 0x0, 0x0, 0x0, 0x0, 0x0, 0x0, 0xaf,
    0xa0, 0x0, 0x0, 0x0, 0x0, 0x0, 0x0, 0x0,
    0xa, 0xfa, 0x0, 0x0, 0x0, 0x0, 0x0, 0x0,
    0x0, 0x0, 0xaf, 0xa0, 0x0, 0x0, 0x0, 0x0,
    0x0, 0x0, 0x49, 0xdf, 0xff, 0xda, 0x40, 0x0,
    0x0, 0x0, 0x2, 0xcf, 0xff, 0xff, 0xff, 0xff,
    0xc2, 0x0, 0x0, 0x2, 0xef, 0xff, 0xff, 0xff,
    0xff, 0xff, 0xe2, 0x0, 0x0, 0xdf, 0xff, 0xfe,
    0xef, 0xee, 0xff, 0xff, 0xd0, 0x0, 0x5f, 0xff,
    0xf7, 0xa, 0xfa, 0x8, 0xff, 0xff, 0x60, 0xa,
    0xff, 0xfa, 0x0, 0xaf, 0xa0, 0xa, 0xff, 0xfb,
    0x0, 0xdf, 0xff, 0x50, 0xa, 0xfa, 0x0, 0x4f,
    0xff, 0xe0, 0xd, 0xff, 0xf4, 0x0, 0xaf, 0xa0,
    0x1, 0x88, 0x87, 0x0, 0xdf, 0xff, 0x60, 0xa,
    0xfa, 0x0, 0x0, 0x0, 0x0, 0xa, 0xff, 0xfd,
    0x0, 0xaf, 0xa0, 0x0, 0x0, 0x0, 0x0, 0x5f,
    0xff, 0xfa, 0xa, 0xfa, 0x0, 0x0, 0x0, 0x0,
    0x0, 0xdf, 0xff, 0xfe, 0xef, 0xa0, 0x0, 0x0,
    0x0, 0x0, 0x3, 0xff, 0xff, 0xff, 0xff, 0xa5,
    0x0, 0x0, 0x0, 0x0, 0x4, 0xef, 0xff, 0xff,
    0xff, 0xfe, 0x60, 0x0, 0x0, 0x0, 0x1, 0xaf,
    0xff, 0xff, 0xff, 0xff, 0xb0, 0x0, 0x0, 0x0,
    0x0, 0x16, 0xdf, 0xff, 0xff, 0xff, 0xb0, 0x0,
    0x0, 0x0, 0x0, 0xa, 0xfd, 0xbf, 0xff, 0xff,
    0x60, 0x0, 0x0, 0x0, 0x0, 0xaf, 0xa0, 0x4f,
    0xff, 0xfd, 0x0, 0x0, 0x0, 0x0, 0xa, 0xfa,
    0x0, 0x5f, 0xff, 0xf2, 0x0, 0x0, 0x0, 0x0,
    0xaf, 0xa0, 0x0, 0xef, 0xff, 0x44, 0x88, 0x84,
    0x0, 0xa, 0xfa, 0x0, 0xc, 0xff, 0xf5, 0x7f,
    0xff, 0xb0, 0x0, 0xaf, 0xa0, 0x0, 0xef, 0xff,
    0x44, 0xff, 0xff, 0x20, 0xa, 0xfa, 0x0, 0x3f,
    0xff, 0xf1, 0xe, 0xff, 0xfd, 0x30, 0xaf, 0xa0,
    0x3e, 0xff, 0xfc, 0x0, 0x6f, 0xff, 0xff, 0xcd,
    0xfd, 0xcf, 0xff, 0xff, 0x30, 0x0, 0x9f, 0xff,
    0xff, 0xff, 0xff, 0xff, 0xff, 0x60, 0x0, 0x0,
    0x7f, 0xff, 0xff, 0xff, 0xff, 0xfe, 0x40, 0x0,
    0x0, 0x0, 0x17, 0xcf, 0xff, 0xfe, 0xb6, 0x0,
    0x0, 0x0, 0x0, 0x0, 0x0, 0xa, 0xfa, 0x0,
    0x0, 0x0, 0x0, 0x0, 0x0, 0x0, 0x0, 0xaf,
    0xa0, 0x0, 0x0, 0x0, 0x0, 0x0, 0x0, 0x0,
    0xa, 0xfa, 0x0, 0x0, 0x0, 0x0, 0x0, 0x0,
    0x0, 0x0, 0xaf, 0xa0, 0x0, 0x0, 0x0, 0x0,
    0x0, 0x0, 0x0, 0xa, 0xfa, 0x0, 0x0, 0x0,
    0x0,

    /* U+0025 "%" */
    0x0, 0x2a, 0xef, 0xfc, 0x70, 0x0, 0x0, 0x0,
    0x0, 0xe, 0xff, 0x30, 0x5f, 0xff, 0xff, 0xff,
    0xc0, 0x0, 0x0, 0x0, 0xa, 0xff, 0x70, 0x1f,
    0xff, 0xfc, 0xdf, 0xff, 0x90, 0x0, 0x0, 0x5,
    0xff, 0xb0, 0x6, 0xff, 0xe1, 0x0, 0x6f, 0xff,
    0x0, 0x0, 0x1, 0xff, 0xe1, 0x0, 0x8f, 0xf9,
    0x0, 0x0, 0xff, 0xf2, 0x0, 0x0, 0xcf, 0xf5,
    0x0, 0x9, 0xff, 0x80, 0x0, 0xe, 0xff, 0x30,
    0x0, 0x7f, 0xfa, 0x0, 0x0, 0x9f, 0xf8, 0x0,
    0x0, 0xef, 0xf3, 0x0, 0x3f, 0xfd, 0x0, 0x0,
    0x8, 0xff, 0x90, 0x0, 0xf, 0xff, 0x20, 0xd,
    0xff, 0x30, 0x0, 0x0, 0x6f, 0xfe, 0x10, 0x6,
    0xff, 0xf0, 0x9, 0xff, 0x70, 0x0, 0x0, 0x1,
    0xff, 0xff, 0xcd, 0xff, 0xfa, 0x5, 0xff, 0xc0,
    0x0, 0x0, 0x0, 0x5, 0xff, 0xff, 0xff, 0xfd,
    0x11, 0xef, 0xf2, 0x0, 0x0, 0x0, 0x0, 0x3,
    0xae, 0xff, 0xc7, 0x0, 0xbf, 0xf5, 0x0, 0x0,
    0x0, 0x0, 0x0, 0x0, 0x0, 0x0, 0x0, 0x7f,
    0xfa, 0x0, 0x0, 0x0, 0x0, 0x0, 0x0, 0x0,
    0x0, 0x0, 0x2f, 0xfe, 0x10, 0x0, 0x0, 0x0,
    0x0, 0x0, 0x0, 0x0, 0x0, 0xd, 0xff, 0x40,
    0x38, 0xaa, 0x83, 0x0, 0x0, 0x0, 0x0, 0x0,
    0x9, 0xff, 0x80, 0xaf, 0xff, 0xff, 0xfa, 0x0,
    0x0, 0x0, 0x0, 0x4, 0xff, 0xc0, 0xaf, 0xff,
    0xff, 0xff, 0xf9, 0x0, 0x0, 0x0, 0x1, 0xef,
    0xf2, 0x1f, 0xff, 0x91, 0x19, 0xff, 0xf1, 0x0,
    0x0, 0x0, 0xbf, 0xf6, 0x5, 0xff, 0xd0, 0x0,
    0xe, 0xff, 0x50, 0x0, 0x0, 0x6f, 0xfb, 0x0,
    0x6f, 0xfb, 0x0, 0x0, 0xbf, 0xf6, 0x0, 0x0,
    0x2f, 0xfe, 0x10, 0x6, 0xff, 0xa0, 0x0, 0xb,
    0xff, 0x60, 0x0, 0xc, 0xff, 0x40, 0x0, 0x6f,
    0xfa, 0x0, 0x0, 0xbf, 0xf6, 0x0, 0x8, 0xff,
    0x90, 0x0, 0x5, 0xff, 0xb0, 0x0, 0xc, 0xff,
    0x50, 0x4, 0xff, 0xd0, 0x0, 0x0, 0x2f, 0xff,
    0x20, 0x3, 0xff, 0xf3, 0x1, 0xef, 0xf2, 0x0,
    0x0, 0x0, 0xcf, 0xff, 0xaa, 0xff, 0xfc, 0x0,
    0xaf, 0xf7, 0x0, 0x0, 0x0, 0x2, 0xef, 0xff,
    0xff, 0xfe, 0x20, 0x6f, 0xfb, 0x0, 0x0, 0x0,
    0x0, 0x1, 0x8d, 0xff, 0xd8, 0x10, 0x0,

    /* U+0026 "&" */
    0x0, 0x0, 0x0, 0x6, 0xbe, 0xfe, 0xc7, 0x10,
    0x0, 0x0, 0x0, 0x0, 0x0, 0x0, 0x2, 0xdf,
    0xff, 0xff, 0xff, 0xf5, 0x0, 0x0, 0x0, 0x0,
    0x0, 0x0, 0x1e, 0xff, 0xff, 0xff, 0xff, 0xff,
    0x50, 0x0, 0x0, 0x0, 0x0, 0x0, 0x9f, 0xff,
    0xf9, 0x67, 0xdf, 0xff, 0xf1, 0x0, 0x0, 0x0,
    0x0, 0x0, 0xef, 0xff, 0x50, 0x0, 0xc, 0xff,
    0xf7, 0x0, 0x0, 0x0, 0x0, 0x0, 0xff, 0xfe,
    0x0, 0x0, 0x3, 0xff, 0xfc, 0x0, 0x0, 0x0,
    0x0, 0x0, 0xff, 0xfe, 0x0, 0x0, 0x0, 0xff,
    0xfd, 0x0, 0x0, 0x0, 0x0, 0x0, 0xbf, 0xff,
    0x40, 0x0, 0x0, 0x0, 0x0, 0x0, 0x0, 0x0,
    0x0, 0x0, 0x3f, 0xff, 0xd0, 0x0, 0x0, 0x0,
    0x0, 0x0, 0x0, 0x0, 0x0, 0x0, 0x9, 0xff,
    0xfb, 0x0, 0x0, 0x0, 0x0, 0x0, 0x0, 0x0,
    0x0, 0x0, 0x0, 0xcf, 0xff, 0x80, 0x0, 0x0,
    0x0, 0x0, 0x0, 0x0, 0x0, 0x0, 0x39, 0xcf,
    0xff, 0xf5, 0x0, 0x0, 0x0, 0x0, 0x0, 0x0,
    0x0, 0x1b, 0xff, 0xff, 0xff, 0xff, 0x30, 0x0,
    0x0, 0x0, 0x0, 0x0, 0x0, 0xcf, 0xff, 0xff,
    0xff, 0xff, 0xe1, 0x0, 0x0, 0x1a, 0xbb, 0xa2,
    0x7, 0xff, 0xff, 0x93, 0x19, 0xff, 0xfc, 0x0,
    0x0, 0xcf, 0xff, 0x80, 0xd, 0xff, 0xf7, 0x0,
    0x0, 0xbf, 0xff, 0xa0, 0xa, 0xff, 0xfa, 0x0,
    0x1f, 0xff, 0xf0, 0x0, 0x0, 0x1e, 0xff, 0xf7,
    0x7f, 0xff, 0xc0, 0x0, 0x2f, 0xff, 0xc0, 0x0,
    0x0, 0x3, 0xff, 0xff, 0xff, 0xfe, 0x10, 0x0,
    0x3f, 0xff, 0xc0, 0x0, 0x0, 0x0, 0x5f, 0xff,
    0xff, 0xf3, 0x0, 0x0, 0x3f, 0xff, 0xc0, 0x0,
    0x0, 0x0, 0x9, 0xff, 0xff, 0x50, 0x0, 0x0,
    0x2f, 0xff, 0xd0, 0x0, 0x0, 0x0, 0xd, 0xff,
    0xff, 0xa0, 0x0, 0x0, 0x1f, 0xff, 0xf1, 0x0,
    0x0, 0x0, 0xbf, 0xff, 0xff, 0xf6, 0x0, 0x0,
    0xc, 0xff, 0xfb, 0x10, 0x0, 0xa, 0xff, 0xfc,
    0xff, 0xff, 0x20, 0x0, 0x6, 0xff, 0xff, 0xe9,
    0x79, 0xef, 0xff, 0xe1, 0x6f, 0xff, 0xd0, 0x0,
    0x0, 0xbf, 0xff, 0xff, 0xff, 0xff, 0xfe, 0x20,
    0xa, 0xff, 0xf9, 0x0, 0x0, 0x9, 0xff, 0xff,
    0xff, 0xff, 0xc2, 0x0, 0x1, 0xef, 0xff, 0x50,
    0x0, 0x0, 0x39, 0xdf, 0xfd, 0xa4, 0x0, 0x0,
    0x0, 0x4f, 0xff, 0xf2,

    /* U+0027 "'" */
    0xdf, 0xff, 0xac, 0xff, 0xf9, 0xcf, 0xff, 0x9b,
    0xff, 0xf8, 0xbf, 0xff, 0x8b, 0xff, 0xf8, 0xaf,
    0xff, 0x7a, 0xff, 0xf7, 0x9f, 0xff, 0x79, 0xff,
    0xf6, 0x8f, 0xff, 0x62, 0x44, 0x41,

    /* U+0028 "(" */
    0x0, 0x0, 0x0, 0x0, 0x0, 0x3, 0x30, 0x0,
    0x0, 0x0, 0x1, 0x8e, 0xf7, 0x0, 0x0, 0x0,
    0x9, 0xff, 0xff, 0x70, 0x0, 0x0, 0x3d, 0xff,
    0xff, 0xf7, 0x0, 0x0, 0x3f, 0xff, 0xff, 0xfc,
    0x30, 0x0, 0x2f, 0xff, 0xff, 0xa2, 0x0, 0x0,
    0xd, 0xff, 0xff, 0x60, 0x0, 0x0, 0x7, 0xff,
    0xff, 0x60, 0x0, 0x0, 0x0, 0xef, 0xff, 0xa0,
    0x0, 0x0, 0x0, 0x6f, 0xff, 0xf1, 0x0, 0x0,
    0x0, 0xb, 0xff, 0xf9, 0x0, 0x0, 0x0, 0x0,
    0xef, 0xff, 0x40, 0x0, 0x0, 0x0, 0x1f, 0xff,
    0xf0, 0x0, 0x0, 0x0, 0x3, 0xff, 0xfe, 0x0,
    0x0, 0x0, 0x0, 0x4f, 0xff, 0xd0, 0x0, 0x0,
    0x0, 0x4, 0xff, 0xfc, 0x0, 0x0, 0x0, 0x0,
    0x5f, 0xff, 0xc0, 0x0, 0x0, 0x0, 0x5, 0xff,
    0xfc, 0x0, 0x0, 0x0, 0x0, 0x5f, 0xff, 0xc0,
    0x0, 0x0, 0x0, 0x5, 0xff, 0xfc, 0x0, 0x0,
    0x0, 0x0, 0x5f, 0xff, 0xc0, 0x0, 0x0, 0x0,
    0x4, 0xff, 0xfc, 0x0, 0x0, 0x0, 0x0, 0x4f,
    0xff, 0xd0, 0x0, 0x0, 0x0, 0x3, 0xff, 0xfe,
    0x0, 0x0, 0x0, 0x0, 0x1f, 0xff, 0xf1, 0x0,
    0x0, 0x0, 0x0, 0xef, 0xff, 0x40, 0x0, 0x0,
    0x0, 0xa, 0xff, 0xfa, 0x0, 0x0, 0x0, 0x0,
    0x6f, 0xff, 0xf1, 0x0, 0x0, 0x0, 0x0, 0xef,
    0xff, 0xa0, 0x0, 0x0, 0x0, 0x7, 0xff, 0xff,
    0x60, 0x0, 0x0, 0x0, 0xd, 0xff, 0xff, 0x60,
    0x0, 0x0, 0x0, 0x3f, 0xff, 0xff, 0xb2, 0x0,
    0x0, 0x0, 0x3f, 0xff, 0xff, 0xfc, 0x40, 0x0,
    0x0, 0x3d, 0xff, 0xff, 0xf7, 0x0, 0x0, 0x0,
    0x9, 0xff, 0xff, 0x70, 0x0, 0x0, 0x0, 0x1,
    0x9e, 0xf7, 0x0, 0x0, 0x0, 0x0, 0x0, 0x3,
    0x30,

    /* U+0029 ")" */
    0x42, 0x0, 0x0, 0x0, 0x0, 0x0, 0xa, 0xfd,
    0x70, 0x0, 0x0, 0x0, 0x0, 0xaf, 0xff, 0xe7,
    0x0, 0x0, 0x0, 0xa, 0xff, 0xff, 0xfb, 0x10,
    0x0, 0x0, 0x5d, 0xff, 0xff, 0xfd, 0x10, 0x0,
    0x0, 0x3, 0xcf, 0xff, 0xfd, 0x10, 0x0, 0x0,
    0x0, 0x9f, 0xff, 0xfa, 0x0, 0x0, 0x0, 0x0,
    0x9f, 0xff, 0xf4, 0x0, 0x0, 0x0, 0x0, 0xdf,
    0xff, 0xc0, 0x0, 0x0, 0x0, 0x3, 0xff, 0xff,
    0x20, 0x0, 0x0, 0x0, 0xd, 0xff, 0xf7, 0x0,
    0x0, 0x0, 0x0, 0x7f, 0xff, 0xb0, 0x0, 0x0,
    0x0, 0x4, 0xff, 0xfe, 0x0, 0x0, 0x0, 0x0,
    0x1f, 0xff, 0xf0, 0x0, 0x0, 0x0, 0x0, 0xff,
    0xff, 0x10, 0x0, 0x0, 0x0, 0xf, 0xff, 0xf1,
    0x0, 0x0, 0x0, 0x0, 0xff, 0xff, 0x10, 0x0,
    0x0, 0x0, 0xf, 0xff, 0xf1, 0x0, 0x0, 0x0,
    0x0, 0xff, 0xff, 0x10, 0x0, 0x0, 0x0, 0xf,
    0xff, 0xf1, 0x0, 0x0, 0x0, 0x0, 0xff, 0xff,
    0x10, 0x0, 0x0, 0x0, 0xf, 0xff, 0xf1, 0x0,
    0x0, 0x0, 0x0, 0xff, 0xff, 0x10, 0x0, 0x0,
    0x0, 0x1f, 0xff, 0xf0, 0x0, 0x0, 0x0, 0x4,
    0xff, 0xfe, 0x0, 0x0, 0x0, 0x0, 0x7f, 0xff,
    0xb0, 0x0, 0x0, 0x0, 0xd, 0xff, 0xf7, 0x0,
    0x0, 0x0, 0x4, 0xff, 0xff, 0x20, 0x0, 0x0,
    0x0, 0xdf, 0xff, 0xc0, 0x0, 0x0, 0x0, 0x9f,
    0xff, 0xf4, 0x0, 0x0, 0x0, 0x9f, 0xff, 0xfa,
    0x0, 0x0, 0x4, 0xcf, 0xff, 0xfd, 0x10, 0x0,
    0x6d, 0xff, 0xff, 0xfe, 0x10, 0x0, 0xa, 0xff,
    0xff, 0xfc, 0x10, 0x0, 0x0, 0xaf, 0xff, 0xf7,
    0x0, 0x0, 0x0, 0xa, 0xfd, 0x70, 0x0, 0x0,
    0x0, 0x0, 0x42, 0x0, 0x0, 0x0, 0x0, 0x0,
    0x0,

    /* U+002A "*" */
    0x0, 0x0, 0x0, 0x0, 0x5f, 0xff, 0x20, 0x0,
    0x0, 0x0, 0x0, 0x0, 0x0, 0x0, 0x5, 0xff,
    0xf2, 0x0, 0x0, 0x0, 0x0, 0x0, 0x0, 0x0,
    0x0, 0x5f, 0xff, 0x20, 0x0, 0x0, 0x0, 0x0,
    0x0, 0x0, 0x0, 0x5, 0xff, 0xf2, 0x0, 0x0,
    0x0, 0x0, 0x0, 0x0, 0x0, 0x0, 0x5f, 0xff,
    0x20, 0x0, 0x0, 0x0, 0x0, 0x88, 0x20, 0x0,
    0x4, 0xff, 0xf1, 0x0, 0x0, 0x39, 0x60, 0xf,
    0xff, 0xc6, 0x10, 0x3f, 0xff, 0x0, 0x18, 0xdf,
    0xfd, 0x6, 0xff, 0xff, 0xff, 0x92, 0xff, 0xd2,
    0xaf, 0xff, 0xff, 0xf3, 0x5c, 0xff, 0xff, 0xff,
    0xff, 0xff, 0xff, 0xff, 0xff, 0xfb, 0x30, 0x2,
    0x8e, 0xff, 0xff, 0xff, 0xff, 0xff, 0xfd, 0x71,
    0x0, 0x0, 0x0, 0x3, 0x7a, 0xff, 0xff, 0xe9,
    0x62, 0x0, 0x0, 0x0, 0x0, 0x0, 0x0, 0x6f,
    0xff, 0xff, 0x30, 0x0, 0x0, 0x0, 0x0, 0x0,
    0x0, 0x5f, 0xff, 0xbf, 0xff, 0x30, 0x0, 0x0,
    0x0, 0x0, 0x0, 0x3f, 0xff, 0xc0, 0xef, 0xfe,
    0x10, 0x0, 0x0, 0x0, 0x0, 0xd, 0xff, 0xf4,
    0x7, 0xff, 0xfb, 0x0, 0x0, 0x0, 0x0, 0xa,
    0xff, 0xfa, 0x0, 0xd, 0xff, 0xf7, 0x0, 0x0,
    0x0, 0x5, 0xff, 0xfe, 0x10, 0x0, 0x3f, 0xff,
    0xf2, 0x0, 0x0, 0x0, 0xcf, 0xff, 0x40, 0x0,
    0x0, 0x7f, 0xff, 0x80, 0x0, 0x0, 0x0, 0x8f,
    0x80, 0x0, 0x0, 0x0, 0xbf, 0x60, 0x0, 0x0,
    0x0, 0x0, 0x30, 0x0, 0x0, 0x0, 0x1, 0x20,
    0x0, 0x0,

    /* U+002B "+" */
    0x0, 0x0, 0x0, 0x7, 0xbb, 0xb4, 0x0, 0x0,
    0x0, 0x0, 0x0, 0x0, 0x0, 0x9f, 0xff, 0x60,
    0x0, 0x0, 0x0, 0x0, 0x0, 0x0, 0x9, 0xff,
    0xf6, 0x0, 0x0, 0x0, 0x0, 0x0, 0x0, 0x0,
    0x9f, 0xff, 0x60, 0x0, 0x0, 0x0, 0x0, 0x0,
    0x0, 0x9, 0xff, 0xf6, 0x0, 0x0, 0x0, 0x0,
    0x0, 0x0, 0x0, 0x9f, 0xff, 0x60, 0x0, 0x0,
    0x0, 0x0, 0x0, 0x0, 0x9, 0xff, 0xf6, 0x0,
    0x0, 0x0, 0x7, 0xbb, 0xbb, 0xbb, 0xef, 0xff,
    0xdb, 0xbb, 0xbb, 0xb4, 0xaf, 0xff, 0xff, 0xff,
    0xff, 0xff, 0xff, 0xff, 0xff, 0x7a, 0xff, 0xff,
    0xff, 0xff, 0xff, 0xff, 0xff, 0xff, 0xf7, 0xaf,
    0xff, 0xff, 0xff, 0xff, 0xff, 0xff, 0xff, 0xff,
    0x70, 0x0, 0x0, 0x0, 0x9f, 0xff, 0x60, 0x0,
    0x0, 0x0, 0x0, 0x0, 0x0, 0x9, 0xff, 0xf6,
    0x0, 0x0, 0x0, 0x0, 0x0, 0x0, 0x0, 0x9f,
    0xff, 0x60, 0x0, 0x0, 0x0, 0x0, 0x0, 0x0,
    0x9, 0xff, 0xf6, 0x0, 0x0, 0x0, 0x0, 0x0,
    0x0, 0x0, 0x9f, 0xff, 0x60, 0x0, 0x0, 0x0,
    0x0, 0x0, 0x0, 0x9, 0xff, 0xf6, 0x0, 0x0,
    0x0, 0x0, 0x0, 0x0, 0x0, 0x9f, 0xff, 0x60,
    0x0, 0x0, 0x0,

    /* U+002C "," */
    0x0, 0x27, 0x77, 0x72, 0x0, 0x8f, 0xff, 0xf3,
    0x0, 0xbf, 0xff, 0xf0, 0x0, 0xef, 0xff, 0xb0,
    0x0, 0xff, 0xff, 0x70, 0x3, 0xff, 0xff, 0x30,
    0x6, 0xff, 0xff, 0x0, 0x9, 0xff, 0xfc, 0x0,
    0xc, 0xff, 0xf8, 0x0, 0xf, 0xff, 0xf4, 0x0,
    0x2f, 0xff, 0xf0, 0x0, 0x5f, 0xff, 0xc0, 0x0,

    /* U+002D "-" */
    0x7b, 0xbb, 0xbb, 0xbb, 0xbb, 0xbb, 0x5b, 0xff,
    0xff, 0xff, 0xff, 0xff, 0xf7, 0xbf, 0xff, 0xff,
    0xff, 0xff, 0xff, 0x7b, 0xff, 0xff, 0xff, 0xff,
    0xff, 0xf7,

    /* U+002E "." */
    0x0, 0x67, 0x50, 0x2, 0xef, 0xff, 0xc0, 0xaf,
    0xff, 0xff, 0x7e, 0xff, 0xff, 0xfb, 0xdf, 0xff,
    0xff, 0x96, 0xff, 0xff, 0xf3, 0x7, 0xdf, 0xc4,
    0x0,

    /* U+002F "/" */
    0x0, 0x0, 0x0, 0x0, 0x0, 0x0, 0x1, 0x88,
    0x88, 0x10, 0x0, 0x0, 0x0, 0x0, 0x0, 0x0,
    0x6f, 0xff, 0xd0, 0x0, 0x0, 0x0, 0x0, 0x0,
    0x0, 0xc, 0xff, 0xf7, 0x0, 0x0, 0x0, 0x0,
    0x0, 0x0, 0x2, 0xff, 0xff, 0x10, 0x0, 0x0,
    0x0, 0x0, 0x0, 0x0, 0x8f, 0xff, 0xb0, 0x0,
    0x0, 0x0, 0x0, 0x0, 0x0, 0xe, 0xff, 0xf5,
    0x0, 0x0, 0x0, 0x0, 0x0, 0x0, 0x4, 0xff,
    0xff, 0x0, 0x0, 0x0, 0x0, 0x0, 0x0, 0x0,
    0xaf, 0xff, 0x90, 0x0, 0x0, 0x0, 0x0, 0x0,
    0x0, 0x1f, 0xff, 0xf3, 0x0, 0x0, 0x0, 0x0,
    0x0, 0x0, 0x7, 0xff, 0xfd, 0x0, 0x0, 0x0,
    0x0, 0x0, 0x0, 0x0, 0xdf, 0xff, 0x70, 0x0,
    0x0, 0x0, 0x0, 0x0, 0x0, 0x3f, 0xff, 0xf1,
    0x0, 0x0, 0x0, 0x0, 0x0, 0x0, 0x9, 0xff,
    0xfb, 0x0, 0x0, 0x0, 0x0, 0x0, 0x0, 0x0,
    0xef, 0xff, 0x50, 0x0, 0x0, 0x0, 0x0, 0x0,
    0x0, 0x5f, 0xff, 0xf0, 0x0, 0x0, 0x0, 0x0,
    0x0, 0x0, 0xb, 0xff, 0xf9, 0x0, 0x0, 0x0,
    0x0, 0x0, 0x0, 0x1, 0xff, 0xff, 0x30, 0x0,
    0x0, 0x0, 0x0, 0x0, 0x0, 0x7f, 0xff, 0xd0,
    0x0, 0x0, 0x0, 0x0, 0x0, 0x0, 0xd, 0xff,
    0xf7, 0x0, 0x0, 0x0, 0x0, 0x0, 0x0, 0x3,
    0xff, 0xff, 0x10, 0x0, 0x0, 0x0, 0x0, 0x0,
    0x0, 0x9f, 0xff, 0xb0, 0x0, 0x0, 0x0, 0x0,
    0x0, 0x0, 0xe, 0xff, 0xf5, 0x0, 0x0, 0x0,
    0x0, 0x0, 0x0, 0x5, 0xff, 0xfe, 0x0, 0x0,
    0x0, 0x0, 0x0, 0x0, 0x0, 0xbf, 0xff, 0x90,
    0x0, 0x0, 0x0, 0x0, 0x0, 0x0, 0x1f, 0xff,
    0xf3, 0x0, 0x0, 0x0, 0x0, 0x0, 0x0, 0x7,
    0xff, 0xfd, 0x0, 0x0, 0x0, 0x0, 0x0, 0x0,
    0x0, 0xdf, 0xff, 0x70, 0x0, 0x0, 0x0, 0x0,
    0x0, 0x0, 0x3f, 0xff, 0xf1, 0x0, 0x0, 0x0,
    0x0, 0x0, 0x0, 0x9, 0xff, 0xfb, 0x0, 0x0,
    0x0, 0x0, 0x0, 0x0, 0x0, 0xff, 0xff, 0x50,
    0x0, 0x0, 0x0, 0x0, 0x0, 0x0, 0x5f, 0xff,
    0xe0, 0x0, 0x0, 0x0, 0x0, 0x0, 0x0, 0xb,
    0xff, 0xf9, 0x0, 0x0, 0x0, 0x0, 0x0, 0x0,
    0x1, 0xff, 0xff, 0x30, 0x0, 0x0, 0x0, 0x0,
    0x0, 0x0, 0x7f, 0xff, 0xd0, 0x0, 0x0, 0x0,
    0x0, 0x0, 0x0, 0xd, 0xff, 0xf7, 0x0, 0x0,
    0x0, 0x0, 0x0, 0x0, 0x3, 0xff, 0xff, 0x10,
    0x0, 0x0, 0x0, 0x0, 0x0, 0x0,

    /* U+0030 "0" */
    0x0, 0x0, 0x4, 0x9d, 0xef, 0xec, 0x93, 0x0,
    0x0, 0x0, 0x2, 0xdf, 0xff, 0xff, 0xff, 0xff,
    0xb1, 0x0, 0x0, 0x3f, 0xff, 0xff, 0xff, 0xff,
    0xff, 0xfe, 0x10, 0x1, 0xef, 0xff, 0xfc, 0x98,
    0x9d, 0xff, 0xff, 0xc0, 0x8, 0xff, 0xff, 0x40,
    0x0, 0x0, 0x7f, 0xff, 0xf5, 0xd, 0xff, 0xf5,
    0x0, 0x0, 0x0, 0x9, 0xff, 0xfa, 0x1f, 0xff,
    0xe0, 0x0, 0x0, 0x0, 0x1, 0xff, 0xfd, 0x2f,
    0xff, 0xb0, 0x0, 0x0, 0x0, 0x0, 0xff, 0xff,
    0x3f, 0xff, 0xb0, 0x0, 0x0, 0x0, 0x0, 0xef,
    0xff, 0x3f, 0xff, 0xb0, 0x0, 0x0, 0x0, 0x0,
    0xef, 0xff, 0x3f, 0xff, 0xb0, 0x0, 0x57, 0x30,
    0x0, 0xef, 0xff, 0x3f, 0xff, 0xb0, 0x9, 0xff,
    0xf6, 0x0, 0xef, 0xff, 0x3f, 0xff, 0xb0, 0xf,
    0xff, 0xfb, 0x0, 0xef, 0xff, 0x3f, 0xff, 0xb0,
    0xd, 0xff, 0xfa, 0x0, 0xef, 0xff, 0x3f, 0xff,
    0xb0, 0x3, 0xdf, 0xb1, 0x0, 0xef, 0xff, 0x3f,
    0xff, 0xb0, 0x0, 0x0, 0x0, 0x0, 0xef, 0xff,
    0x3f, 0xff, 0xb0, 0x0, 0x0, 0x0, 0x0, 0xef,
    0xff, 0x3f, 0xff, 0xb0, 0x0, 0x0, 0x0, 0x0,
    0xef, 0xff, 0x3f, 0xff, 0xb0, 0x0, 0x0, 0x0,
    0x0, 0xef, 0xff, 0x2f, 0xff, 0xc0, 0x0, 0x0,
    0x0, 0x0, 0xff, 0xff, 0x1f, 0xff, 0xe0, 0x0,
    0x0, 0x0, 0x2, 0xff, 0xfe, 0xd, 0xff, 0xf5,
    0x0, 0x0, 0x0, 0x9, 0xff, 0xfa, 0x8, 0xff,
    0xff, 0x40, 0x0, 0x0, 0x7f, 0xff, 0xf5, 0x1,
    0xef, 0xff, 0xfc, 0x88, 0x9d, 0xff, 0xff, 0xb0,
    0x0, 0x3f, 0xff, 0xff, 0xff, 0xff, 0xff, 0xfd,
    0x10, 0x0, 0x2, 0xdf, 0xff, 0xff, 0xff, 0xff,
    0xa1, 0x0, 0x0, 0x0, 0x4, 0x9d, 0xff, 0xec,
    0x82, 0x0, 0x0,

    /* U+0031 "1" */
    0x0, 0x0, 0x3, 0xdf, 0xff, 0xfc, 0x0, 0x0,
    0x0, 0x0, 0x0, 0x8f, 0xff, 0xff, 0xfc, 0x0,
    0x0, 0x0, 0x0, 0x2c, 0xff, 0xff, 0xff, 0xfc,
    0x0, 0x0, 0x0, 0x5, 0xff, 0xff, 0xfe, 0xff,
    0xfc, 0x0, 0x0, 0x0, 0x8f, 0xff, 0xff, 0x85,
    0xff, 0xfc, 0x0, 0x0, 0x0, 0xbf, 0xff, 0xe4,
    0x5, 0xff, 0xfc, 0x0, 0x0, 0x0, 0xbf, 0xfa,
    0x10, 0x5, 0xff, 0xfc, 0x0, 0x0, 0x0, 0xbf,
    0x60, 0x0, 0x5, 0xff, 0xfc, 0x0, 0x0, 0x0,
    0x82, 0x0, 0x0, 0x5, 0xff, 0xfc, 0x0, 0x0,
    0x0, 0x0, 0x0, 0x0, 0x5, 0xff, 0xfc, 0x0,
    0x0, 0x0, 0x0, 0x0, 0x0, 0x5, 0xff, 0xfc,
    0x0, 0x0, 0x0, 0x0, 0x0, 0x0, 0x5, 0xff,
    0xfc, 0x0, 0x0, 0x0, 0x0, 0x0, 0x0, 0x5,
    0xff, 0xfc, 0x0, 0x0, 0x0, 0x0, 0x0, 0x0,
    0x5, 0xff, 0xfc, 0x0, 0x0, 0x0, 0x0, 0x0,
    0x0, 0x5, 0xff, 0xfc, 0x0, 0x0, 0x0, 0x0,
    0x0, 0x0, 0x5, 0xff, 0xfc, 0x0, 0x0, 0x0,
    0x0, 0x0, 0x0, 0x5, 0xff, 0xfc, 0x0, 0x0,
    0x0, 0x0, 0x0, 0x0, 0x5, 0xff, 0xfc, 0x0,
    0x0, 0x0, 0x0, 0x0, 0x0, 0x5, 0xff, 0xfc,
    0x0, 0x0, 0x0, 0x0, 0x0, 0x0, 0x5, 0xff,
    0xfc, 0x0, 0x0, 0x0, 0x0, 0x0, 0x0, 0x5,
    0xff, 0xfc, 0x0, 0x0, 0x0, 0x0, 0x0, 0x0,
    0x5, 0xff, 0xfc, 0x0, 0x0, 0x0, 0x0, 0x0,
    0x0, 0x5, 0xff, 0xfc, 0x0, 0x0, 0x0, 0x7a,
    0xaa, 0xaa, 0xac, 0xff, 0xfe, 0xaa, 0xaa, 0xa8,
    0xbf, 0xff, 0xff, 0xff, 0xff, 0xff, 0xff, 0xff,
    0xfc, 0xbf, 0xff, 0xff, 0xff, 0xff, 0xff, 0xff,
    0xff, 0xfc, 0xbf, 0xff, 0xff, 0xff, 0xff, 0xff,
    0xff, 0xff, 0xfc,

    /* U+0032 "2" */
    0x0, 0x0, 0x4, 0x9d, 0xff, 0xec, 0x82, 0x0,
    0x0, 0x0, 0x0, 0x2c, 0xff, 0xff, 0xff, 0xff,
    0xf9, 0x0, 0x0, 0x0, 0x2f, 0xff, 0xff, 0xff,
    0xff, 0xff, 0xfd, 0x0, 0x0, 0x1d, 0xff, 0xff,
    0xea, 0x9b, 0xff, 0xff, 0xfa, 0x0, 0x7, 0xff,
    0xff, 0x60, 0x0, 0x1, 0xcf, 0xff, 0xf3, 0x0,
    0xef, 0xff, 0x70, 0x0, 0x0, 0x1, 0xef, 0xff,
    0x90, 0x2f, 0xff, 0xf0, 0x0, 0x0, 0x0, 0x8,
    0xff, 0xfc, 0x4, 0xff, 0xfc, 0x0, 0x0, 0x0,
    0x0, 0x5f, 0xff, 0xe0, 0x1, 0x11, 0x10, 0x0,
    0x0, 0x0, 0x6, 0xff, 0xfd, 0x0, 0x0, 0x0,
    0x0, 0x0, 0x0, 0x0, 0x9f, 0xff, 0xb0, 0x0,
    0x0, 0x0, 0x0, 0x0, 0x0, 0xe, 0xff, 0xf6,
    0x0, 0x0, 0x0, 0x0, 0x0, 0x0, 0x8, 0xff,
    0xff, 0x0, 0x0, 0x0, 0x0, 0x0, 0x0, 0x4,
    0xff, 0xff, 0x70, 0x0, 0x0, 0x0, 0x0, 0x0,
    0x2, 0xff, 0xff, 0xc0, 0x0, 0x0, 0x0, 0x0,
    0x0, 0x2, 0xef, 0xff, 0xe1, 0x0, 0x0, 0x0,
    0x0, 0x0, 0x2, 0xef, 0xff, 0xe2, 0x0, 0x0,
    0x0, 0x0, 0x0, 0x2, 0xef, 0xff, 0xe3, 0x0,
    0x0, 0x0, 0x0, 0x0, 0x2, 0xef, 0xff, 0xe3,
    0x0, 0x0, 0x0, 0x0, 0x0, 0x2, 0xef, 0xff,
    0xe2, 0x0, 0x0, 0x0, 0x0, 0x0, 0x3, 0xef,
    0xff, 0xe2, 0x0, 0x0, 0x0, 0x0, 0x0, 0x3,
    0xef, 0xff, 0xe2, 0x0, 0x0, 0x0, 0x0, 0x0,
    0x3, 0xef, 0xff, 0xd2, 0x0, 0x0, 0x0, 0x0,
    0x0, 0x3, 0xef, 0xff, 0xd1, 0x0, 0x0, 0x0,
    0x0, 0x0, 0x0, 0xef, 0xff, 0xfc, 0xaa, 0xaa,
    0xaa, 0xaa, 0xaa, 0xa2, 0xf, 0xff, 0xff, 0xff,
    0xff, 0xff, 0xff, 0xff, 0xff, 0x30, 0xff, 0xff,
    0xff, 0xff, 0xff, 0xff, 0xff, 0xff, 0xf3, 0xf,
    0xff, 0xff, 0xff, 0xff, 0xff, 0xff, 0xff, 0xff,
    0x30,

    /* U+0033 "3" */
    0xa, 0xff, 0xff, 0xff, 0xff, 0xff, 0xff, 0xff,
    0xf0, 0xa, 0xff, 0xff, 0xff, 0xff, 0xff, 0xff,
    0xff, 0xf0, 0xa, 0xff, 0xff, 0xff, 0xff, 0xff,
    0xff, 0xff, 0xf0, 0x6, 0x99, 0x99, 0x99, 0x99,
    0x99, 0xef, 0xff, 0xe0, 0x0, 0x0, 0x0, 0x0,
    0x0, 0x8, 0xff, 0xfe, 0x20, 0x0, 0x0, 0x0,
    0x0, 0x0, 0x8f, 0xff, 0xd1, 0x0, 0x0, 0x0,
    0x0, 0x0, 0x9, 0xff, 0xfd, 0x10, 0x0, 0x0,
    0x0, 0x0, 0x0, 0x9f, 0xff, 0xd1, 0x0, 0x0,
    0x0, 0x0, 0x0, 0xa, 0xff, 0xfc, 0x10, 0x0,
    0x0, 0x0, 0x0, 0x0, 0xaf, 0xff, 0xd1, 0x0,
    0x0, 0x0, 0x0, 0x0, 0x2, 0xff, 0xff, 0xff,
    0xb6, 0x0, 0x0, 0x0, 0x0, 0x2, 0xff, 0xff,
    0xff, 0xff, 0xd2, 0x0, 0x0, 0x0, 0x2, 0xff,
    0xff, 0xff, 0xff, 0xfe, 0x10, 0x0, 0x0, 0x0,
    0x22, 0x23, 0x5b, 0xff, 0xff, 0xb0, 0x0, 0x0,
    0x0, 0x0, 0x0, 0x0, 0x7f, 0xff, 0xf3, 0x0,
    0x0, 0x0, 0x0, 0x0, 0x0, 0xc, 0xff, 0xf7,
    0x0, 0x0, 0x0, 0x0, 0x0, 0x0, 0x7, 0xff,
    0xfa, 0x0, 0x0, 0x0, 0x0, 0x0, 0x0, 0x6,
    0xff, 0xfb, 0x0, 0x0, 0x0, 0x0, 0x0, 0x0,
    0x6, 0xff, 0xfb, 0x5b, 0xbb, 0x60, 0x0, 0x0,
    0x0, 0x6, 0xff, 0xfb, 0x6f, 0xff, 0xb0, 0x0,
    0x0, 0x0, 0x8, 0xff, 0xf9, 0x3f, 0xff, 0xf2,
    0x0, 0x0, 0x0, 0xe, 0xff, 0xf6, 0xe, 0xff,
    0xfd, 0x30, 0x0, 0x1, 0xcf, 0xff, 0xf1, 0x6,
    0xff, 0xff, 0xfc, 0x99, 0xbf, 0xff, 0xff, 0x90,
    0x0, 0x9f, 0xff, 0xff, 0xff, 0xff, 0xff, 0xfc,
    0x0, 0x0, 0x7, 0xff, 0xff, 0xff, 0xff, 0xff,
    0x90, 0x0, 0x0, 0x0, 0x17, 0xbe, 0xff, 0xec,
    0x82, 0x0, 0x0,

    /* U+0034 "4" */
    0x0, 0x0, 0x0, 0x0, 0x0, 0xbf, 0xff, 0xd0,
    0x0, 0x0, 0x0, 0x0, 0x0, 0x6f, 0xff, 0xf3,
    0x0, 0x0, 0x0, 0x0, 0x0, 0x2f, 0xff, 0xf8,
    0x0, 0x0, 0x0, 0x0, 0x0, 0xb, 0xff, 0xfd,
    0x0, 0x0, 0x0, 0x0, 0x0, 0x6, 0xff, 0xff,
    0x30, 0x0, 0x0, 0x0, 0x0, 0x2, 0xff, 0xff,
    0x80, 0x0, 0x0, 0x0, 0x0, 0x0, 0xcf, 0xff,
    0xd0, 0x0, 0x0, 0x0, 0x0, 0x0, 0x7f, 0xff,
    0xf3, 0x0, 0x0, 0x0, 0x0, 0x0, 0x2f, 0xff,
    0xf7, 0x0, 0x0, 0x0, 0x0, 0x0, 0xc, 0xff,
    0xfc, 0x0, 0x0, 0x0, 0x0, 0x0, 0x7, 0xff,
    0xff, 0x20, 0x0, 0x0, 0x0, 0x0, 0x2, 0xff,
    0xff, 0x70, 0x0, 0x1, 0xcc, 0xcb, 0x0, 0xcf,
    0xff, 0xc0, 0x0, 0x0, 0x2f, 0xff, 0xf0, 0x8f,
    0xff, 0xf2, 0x0, 0x0, 0x2, 0xff, 0xff, 0x3f,
    0xff, 0xf7, 0x0, 0x0, 0x0, 0x2f, 0xff, 0xf8,
    0xff, 0xfc, 0x0, 0x0, 0x0, 0x2, 0xff, 0xff,
    0x8f, 0xff, 0x70, 0x0, 0x0, 0x0, 0x2f, 0xff,
    0xf8, 0xff, 0xfc, 0xaa, 0xaa, 0xaa, 0xab, 0xff,
    0xff, 0x8f, 0xff, 0xff, 0xff, 0xff, 0xff, 0xff,
    0xff, 0xf8, 0xff, 0xff, 0xff, 0xff, 0xff, 0xff,
    0xff, 0xff, 0x8f, 0xff, 0xff, 0xff, 0xff, 0xff,
    0xff, 0xff, 0xf0, 0x0, 0x0, 0x0, 0x0, 0x0,
    0x2, 0xff, 0xff, 0x0, 0x0, 0x0, 0x0, 0x0,
    0x0, 0x2f, 0xff, 0xf0, 0x0, 0x0, 0x0, 0x0,
    0x0, 0x2, 0xff, 0xff, 0x0, 0x0, 0x0, 0x0,
    0x0, 0x0, 0x2f, 0xff, 0xf0, 0x0, 0x0, 0x0,
    0x0, 0x0, 0x2, 0xff, 0xff, 0x0, 0x0, 0x0,
    0x0, 0x0, 0x0, 0x2f, 0xff, 0xf0,

    /* U+0035 "5" */
    0x7, 0xff, 0xff, 0xff, 0xff, 0xff, 0xff, 0xff,
    0xd0, 0x7, 0xff, 0xff, 0xff, 0xff, 0xff, 0xff,
    0xff, 0xd0, 0x7, 0xff, 0xff, 0xff, 0xff, 0xff,
    0xff, 0xff, 0xd0, 0x7, 0xff, 0xfc, 0xaa, 0xaa,
    0xaa, 0xaa, 0xaa, 0x90, 0x7, 0xff, 0xf6, 0x0,
    0x0, 0x0, 0x0, 0x0, 0x0, 0x7, 0xff, 0xf6,
    0x0, 0x0, 0x0, 0x0, 0x0, 0x0, 0x7, 0xff,
    0xf6, 0x0, 0x0, 0x0, 0x0, 0x0, 0x0, 0x7,
    0xff, 0xf6, 0x0, 0x0, 0x0, 0x0, 0x0, 0x0,
    0x7, 0xff, 0xf7, 0x0, 0x0, 0x0, 0x0, 0x0,
    0x0, 0x7, 0xff, 0xfc, 0x99, 0x99, 0x86, 0x30,
    0x0, 0x0, 0x7, 0xff, 0xff, 0xff, 0xff, 0xff,
    0xfd, 0x50, 0x0, 0x7, 0xff, 0xff, 0xff, 0xff,
    0xff, 0xff, 0xfa, 0x0, 0x7, 0xff, 0xff, 0xff,
    0xff, 0xff, 0xff, 0xff, 0x80, 0x0, 0x0, 0x0,
    0x0, 0x0, 0x27, 0xff, 0xff, 0xf1, 0x0, 0x0,
    0x0, 0x0, 0x0, 0x0, 0x3f, 0xff, 0xf7, 0x0,
    0x0, 0x0, 0x0, 0x0, 0x0, 0x9, 0xff, 0xfb,
    0x0, 0x0, 0x0, 0x0, 0x0, 0x0, 0x5, 0xff,
    0xfc, 0x0, 0x0, 0x0, 0x0, 0x0, 0x0, 0x3,
    0xff, 0xfd, 0x0, 0x0, 0x0, 0x0, 0x0, 0x0,
    0x3, 0xff, 0xfe, 0x5d, 0xdd, 0x90, 0x0, 0x0,
    0x0, 0x4, 0xff, 0xfd, 0x4f, 0xff, 0xe0, 0x0,
    0x0, 0x0, 0x6, 0xff, 0xfb, 0x1f, 0xff, 0xf5,
    0x0, 0x0, 0x0, 0xd, 0xff, 0xf8, 0xc, 0xff,
    0xff, 0x40, 0x0, 0x1, 0xbf, 0xff, 0xf3, 0x3,
    0xff, 0xff, 0xfd, 0x99, 0xbf, 0xff, 0xff, 0xa0,
    0x0, 0x6f, 0xff, 0xff, 0xff, 0xff, 0xff, 0xfd,
    0x0, 0x0, 0x5, 0xef, 0xff, 0xff, 0xff, 0xff,
    0xa0, 0x0, 0x0, 0x0, 0x6, 0xad, 0xff, 0xec,
    0x82, 0x0, 0x0,

    /* U+0036 "6" */
    0x0, 0x0, 0x0, 0x0, 0x4f, 0xff, 0xf5, 0x0,
    0x0, 0x0, 0x0, 0x0, 0x0, 0xd, 0xff, 0xfb,
    0x0, 0x0, 0x0, 0x0, 0x0, 0x0, 0x6, 0xff,
    0xff, 0x10, 0x0, 0x0, 0x0, 0x0, 0x0, 0x1,
    0xef, 0xff, 0x70, 0x0, 0x0, 0x0, 0x0, 0x0,
    0x0, 0x9f, 0xff, 0xd0, 0x0, 0x0, 0x0, 0x0,
    0x0, 0x0, 0x2f, 0xff, 0xf3, 0x0, 0x0, 0x0,
    0x0, 0x0, 0x0, 0xb, 0xff, 0xf9, 0x0, 0x0,
    0x0, 0x0, 0x0, 0x0, 0x4, 0xff, 0xfe, 0x10,
    0x0, 0x0, 0x0, 0x0, 0x0, 0x0, 0xdf, 0xff,
    0x50, 0x0, 0x0, 0x0, 0x0, 0x0, 0x0, 0x7f,
    0xff, 0xb0, 0x1, 0x0, 0x0, 0x0, 0x0, 0x0,
    0x1f, 0xff, 0xf6, 0xbf, 0xff, 0xea, 0x30, 0x0,
    0x0, 0x9, 0xff, 0xfe, 0xff, 0xff, 0xff, 0xff,
    0x80, 0x0, 0x2, 0xff, 0xff, 0xff, 0xff, 0xff,
    0xff, 0xff, 0x90, 0x0, 0x9f, 0xff, 0xfc, 0x51,
    0x1, 0x6e, 0xff, 0xff, 0x50, 0xf, 0xff, 0xfa,
    0x0, 0x0, 0x0, 0x1c, 0xff, 0xfd, 0x5, 0xff,
    0xfe, 0x0, 0x0, 0x0, 0x0, 0x2f, 0xff, 0xf3,
    0x9f, 0xff, 0x80, 0x0, 0x0, 0x0, 0x0, 0xbf,
    0xff, 0x7b, 0xff, 0xf5, 0x0, 0x0, 0x0, 0x0,
    0x8, 0xff, 0xf8, 0xcf, 0xff, 0x40, 0x0, 0x0,
    0x0, 0x0, 0x7f, 0xff, 0x9b, 0xff, 0xf6, 0x0,
    0x0, 0x0, 0x0, 0x9, 0xff, 0xf7, 0x8f, 0xff,
    0xb0, 0x0, 0x0, 0x0, 0x0, 0xef, 0xff, 0x54,
    0xff, 0xff, 0x40, 0x0, 0x0, 0x0, 0x7f, 0xff,
    0xf0, 0xd, 0xff, 0xff, 0x50, 0x0, 0x0, 0x7f,
    0xff, 0xf9, 0x0, 0x3f, 0xff, 0xff, 0xd9, 0x8a,
    0xef, 0xff, 0xfd, 0x0, 0x0, 0x5f, 0xff, 0xff,
    0xff, 0xff, 0xff, 0xfe, 0x20, 0x0, 0x0, 0x2d,
    0xff, 0xff, 0xff, 0xff, 0xfb, 0x10, 0x0, 0x0,
    0x0, 0x4, 0xad, 0xff, 0xfd, 0x93, 0x0, 0x0,
    0x0,

    /* U+0037 "7" */
    0x2f, 0xff, 0xff, 0xff, 0xff, 0xff, 0xff, 0xff,
    0xff, 0xf0, 0x2f, 0xff, 0xff, 0xff, 0xff, 0xff,
    0xff, 0xff, 0xff, 0xf0, 0x2f, 0xff, 0xff, 0xff,
    0xff, 0xff, 0xff, 0xff, 0xff, 0xf0, 0x2f, 0xff,
    0xf9, 0x99, 0x99, 0x99, 0x99, 0xcf, 0xff, 0xf0,
    0x2f, 0xff, 0xf0, 0x0, 0x0, 0x0, 0x0, 0xcf,
    0xff, 0xa0, 0x2f, 0xff, 0xf0, 0x0, 0x0, 0x0,
    0x3, 0xff, 0xff, 0x30, 0x2f, 0xff, 0xf0, 0x0,
    0x0, 0x0, 0xa, 0xff, 0xfc, 0x0, 0x2f, 0xff,
    0xf0, 0x0, 0x0, 0x0, 0x1f, 0xff, 0xf5, 0x0,
    0x0, 0x0, 0x0, 0x0, 0x0, 0x0, 0x7f, 0xff,
    0xe0, 0x0, 0x0, 0x0, 0x0, 0x0, 0x0, 0x0,
    0xef, 0xff, 0x80, 0x0, 0x0, 0x0, 0x0, 0x0,
    0x0, 0x5, 0xff, 0xff, 0x10, 0x0, 0x0, 0x0,
    0x0, 0x0, 0x0, 0xc, 0xff, 0xfa, 0x0, 0x0,
    0x0, 0x0, 0x0, 0x0, 0x0, 0x3f, 0xff, 0xf3,
    0x0, 0x0, 0x0, 0x0, 0x0, 0x0, 0x0, 0xaf,
    0xff, 0xd0, 0x0, 0x0, 0x0, 0x0, 0x0, 0x0,
    0x1, 0xff, 0xff, 0x60, 0x0, 0x0, 0x0, 0x0,
    0x0, 0x0, 0x7, 0xff, 0xfe, 0x0, 0x0, 0x0,
    0x0, 0x0, 0x0, 0x0, 0xe, 0xff, 0xf8, 0x0,
    0x0, 0x0, 0x0, 0x0, 0x0, 0x0, 0x5f, 0xff,
    0xf2, 0x0, 0x0, 0x0, 0x0, 0x0, 0x0, 0x0,
    0xcf, 0xff, 0xb0, 0x0, 0x0, 0x0, 0x0, 0x0,
    0x0, 0x3, 0xff, 0xff, 0x40, 0x0, 0x0, 0x0,
    0x0, 0x0, 0x0, 0x9, 0xff, 0xfd, 0x0, 0x0,
    0x0, 0x0, 0x0, 0x0, 0x0, 0x1f, 0xff, 0xf6,
    0x0, 0x0, 0x0, 0x0, 0x0, 0x0, 0x0, 0x7f,
    0xff, 0xf0, 0x0, 0x0, 0x0, 0x0, 0x0, 0x0,
    0x0, 0xef, 0xff, 0x90, 0x0, 0x0, 0x0, 0x0,
    0x0, 0x0, 0x5, 0xff, 0xff, 0x20, 0x0, 0x0,
    0x0, 0x0, 0x0, 0x0, 0xc, 0xff, 0xfb, 0x0,
    0x0, 0x0, 0x0, 0x0, 0x0, 0x0, 0x2f, 0xff,
    0xf4, 0x0, 0x0, 0x0, 0x0, 0x0,

    /* U+0038 "8" */
    0x0, 0x0, 0x4, 0x9d, 0xef, 0xec, 0x83, 0x0,
    0x0, 0x0, 0x0, 0x3d, 0xff, 0xff, 0xff, 0xff,
    0xfb, 0x20, 0x0, 0x0, 0x4f, 0xff, 0xff, 0xff,
    0xff, 0xff, 0xfe, 0x20, 0x0, 0x2f, 0xff, 0xff,
    0xc9, 0x79, 0xdf, 0xff, 0xfd, 0x0, 0x9, 0xff,
    0xff, 0x50, 0x0, 0x0, 0x7f, 0xff, 0xf6, 0x0,
    0xdf, 0xff, 0x60, 0x0, 0x0, 0x0, 0xaf, 0xff,
    0xa0, 0xe, 0xff, 0xf1, 0x0, 0x0, 0x0, 0x5,
    0xff, 0xfc, 0x0, 0xdf, 0xff, 0x10, 0x0, 0x0,
    0x0, 0x5f, 0xff, 0xb0, 0xa, 0xff, 0xf6, 0x0,
    0x0, 0x0, 0x9, 0xff, 0xf7, 0x0, 0x2f, 0xff,
    0xf4, 0x0, 0x0, 0x7, 0xff, 0xfe, 0x10, 0x0,
    0x6f, 0xff, 0xfc, 0x87, 0x9d, 0xff, 0xff, 0x30,
    0x0, 0x0, 0x3b, 0xff, 0xff, 0xff, 0xff, 0xf9,
    0x10, 0x0, 0x0, 0x1, 0x8d, 0xff, 0xff, 0xff,
    0xfc, 0x60, 0x0, 0x0, 0x5, 0xff, 0xff, 0xff,
    0xff, 0xff, 0xff, 0xd2, 0x0, 0x4, 0xff, 0xff,
    0xc5, 0x10, 0x16, 0xdf, 0xff, 0xe1, 0x0, 0xef,
    0xff, 0x90, 0x0, 0x0, 0x0, 0xcf, 0xff, 0xb0,
    0x5f, 0xff, 0xd0, 0x0, 0x0, 0x0, 0x1, 0xff,
    0xff, 0x29, 0xff, 0xf7, 0x0, 0x0, 0x0, 0x0,
    0xa, 0xff, 0xf6, 0xbf, 0xff, 0x50, 0x0, 0x0,
    0x0, 0x0, 0x8f, 0xff, 0x8b, 0xff, 0xf6, 0x0,
    0x0, 0x0, 0x0, 0x9, 0xff, 0xf8, 0x9f, 0xff,
    0xa0, 0x0, 0x0, 0x0, 0x0, 0xdf, 0xff, 0x65,
    0xff, 0xff, 0x30, 0x0, 0x0, 0x0, 0x6f, 0xff,
    0xf2, 0xe, 0xff, 0xfe, 0x40, 0x0, 0x0, 0x6f,
    0xff, 0xfb, 0x0, 0x5f, 0xff, 0xff, 0xd9, 0x8a,
    0xef, 0xff, 0xfe, 0x20, 0x0, 0x7f, 0xff, 0xff,
    0xff, 0xff, 0xff, 0xff, 0x40, 0x0, 0x0, 0x3d,
    0xff, 0xff, 0xff, 0xff, 0xfc, 0x20, 0x0, 0x0,
    0x0, 0x5, 0xad, 0xff, 0xfd, 0x94, 0x0, 0x0,
    0x0,

    /* U+0039 "9" */
    0x0, 0x0, 0x4, 0xad, 0xff, 0xec, 0x93, 0x0,
    0x0, 0x0, 0x0, 0x2d, 0xff, 0xff, 0xff, 0xff,
    0xfb, 0x10, 0x0, 0x0, 0x5f, 0xff, 0xff, 0xff,
    0xff, 0xff, 0xfe, 0x30, 0x0, 0x2f, 0xff, 0xff,
    0xc9, 0x89, 0xdf, 0xff, 0xfd, 0x10, 0xd, 0xff,
    0xfe, 0x40, 0x0, 0x0, 0x6f, 0xff, 0xfa, 0x4,
    0xff, 0xff, 0x30, 0x0, 0x0, 0x0, 0x6f, 0xff,
    0xf1, 0x8f, 0xff, 0xa0, 0x0, 0x0, 0x0, 0x0,
    0xdf, 0xff, 0x5b, 0xff, 0xf6, 0x0, 0x0, 0x0,
    0x0, 0x9, 0xff, 0xf8, 0xcf, 0xff, 0x40, 0x0,
    0x0, 0x0, 0x0, 0x7f, 0xff, 0x9c, 0xff, 0xf5,
    0x0, 0x0, 0x0, 0x0, 0x8, 0xff, 0xf8, 0x9f,
    0xff, 0x90, 0x0, 0x0, 0x0, 0x0, 0xcf, 0xff,
    0x55, 0xff, 0xff, 0x10, 0x0, 0x0, 0x0, 0x3f,
    0xff, 0xf1, 0xe, 0xff, 0xfc, 0x10, 0x0, 0x0,
    0x2e, 0xff, 0xfc, 0x0, 0x5f, 0xff, 0xfe, 0x85,
    0x45, 0x9f, 0xff, 0xff, 0x50, 0x0, 0x9f, 0xff,
    0xff, 0xff, 0xff, 0xff, 0xff, 0xe0, 0x0, 0x0,
    0x6f, 0xff, 0xff, 0xff, 0xff, 0xff, 0xf6, 0x0,
    0x0, 0x0, 0x18, 0xcf, 0xfe, 0xac, 0xff, 0xfd,
    0x0, 0x0, 0x0, 0x0, 0x0, 0x0, 0x4, 0xff,
    0xff, 0x40, 0x0, 0x0, 0x0, 0x0, 0x0, 0x0,
    0xdf, 0xff, 0xb0, 0x0, 0x0, 0x0, 0x0, 0x0,
    0x0, 0x7f, 0xff, 0xf2, 0x0, 0x0, 0x0, 0x0,
    0x0, 0x0, 0x1f, 0xff, 0xf8, 0x0, 0x0, 0x0,
    0x0, 0x0, 0x0, 0xa, 0xff, 0xfe, 0x0, 0x0,
    0x0, 0x0, 0x0, 0x0, 0x4, 0xff, 0xff, 0x60,
    0x0, 0x0, 0x0, 0x0, 0x0, 0x0, 0xdf, 0xff,
    0xc0, 0x0, 0x0, 0x0, 0x0, 0x0, 0x0, 0x7f,
    0xff, 0xf3, 0x0, 0x0, 0x0, 0x0, 0x0, 0x0,
    0x1f, 0xff, 0xfa, 0x0, 0x0, 0x0, 0x0, 0x0,
    0x0, 0xa, 0xff, 0xff, 0x10, 0x0, 0x0, 0x0,
    0x0,

    /* U+003A ":" */
    0x8, 0xdf, 0xd6, 0x8, 0xff, 0xff, 0xf5, 0xdf,
    0xff, 0xff, 0xad, 0xff, 0xff, 0xfa, 0x7f, 0xff,
    0xff, 0x40, 0x7c, 0xec, 0x50, 0x0, 0x0, 0x0,
    0x0, 0x0, 0x0, 0x0, 0x0, 0x0, 0x0, 0x0,
    0x0, 0x0, 0x0, 0x0, 0x0, 0x0, 0x0, 0x0,
    0x0, 0x0, 0x0, 0x0, 0x0, 0x0, 0x0, 0x0,
    0x0, 0x0, 0x0, 0x0, 0x0, 0x7c, 0xec, 0x50,
    0x7f, 0xff, 0xff, 0x4d, 0xff, 0xff, 0xfa, 0xdf,
    0xff, 0xff, 0xa8, 0xff, 0xff, 0xf5, 0x8, 0xef,
    0xd6, 0x0,

    /* U+003B ";" */
    0x0, 0x8e, 0xfd, 0x70, 0x8, 0xff, 0xff, 0xf6,
    0xe, 0xff, 0xff, 0xfb, 0xe, 0xff, 0xff, 0xfb,
    0x8, 0xff, 0xff, 0xf5, 0x0, 0x8e, 0xfd, 0x60,
    0x0, 0x0, 0x0, 0x0, 0x0, 0x0, 0x0, 0x0,
    0x0, 0x0, 0x0, 0x0, 0x0, 0x0, 0x0, 0x0,
    0x0, 0x0, 0x0, 0x0, 0x0, 0x0, 0x0, 0x0,
    0x0, 0x0, 0x0, 0x0, 0x0, 0x0, 0x0, 0x0,
    0x0, 0x0, 0x0, 0x0, 0x0, 0x47, 0x77, 0x71,
    0x0, 0xbf, 0xff, 0xf0, 0x0, 0xef, 0xff, 0xc0,
    0x1, 0xff, 0xff, 0x80, 0x3, 0xff, 0xff, 0x40,
    0x6, 0xff, 0xff, 0x0, 0x9, 0xff, 0xfc, 0x0,
    0xc, 0xff, 0xf8, 0x0, 0xf, 0xff, 0xf5, 0x0,
    0x2f, 0xff, 0xf1, 0x0, 0x5f, 0xff, 0xd0, 0x0,
    0x8f, 0xff, 0x90, 0x0,

    /* U+003C "<" */
    0x0, 0x0, 0x0, 0x0, 0x0, 0x0, 0x0, 0x0,
    0x30, 0x0, 0x0, 0x0, 0x0, 0x0, 0x0, 0x6,
    0xdc, 0x0, 0x0, 0x0, 0x0, 0x0, 0x0, 0x6e,
    0xff, 0xc0, 0x0, 0x0, 0x0, 0x0, 0x7, 0xef,
    0xff, 0xfc, 0x0, 0x0, 0x0, 0x1, 0x8e, 0xff,
    0xff, 0xfe, 0x60, 0x0, 0x0, 0x18, 0xff, 0xff,
    0xff, 0xd6, 0x0, 0x0, 0x2, 0x9f, 0xff, 0xff,
    0xfc, 0x50, 0x0, 0x0, 0x2a, 0xff, 0xff, 0xff,
    0xb4, 0x0, 0x0, 0x0, 0xaf, 0xff, 0xff, 0xfa,
    0x30, 0x0, 0x0, 0x0, 0xe, 0xff, 0xff, 0x92,
    0x0, 0x0, 0x0, 0x0, 0x0, 0xef, 0xfa, 0x10,
    0x0, 0x0, 0x0, 0x0, 0x0, 0xe, 0xff, 0xfe,
    0x70, 0x0, 0x0, 0x0, 0x0, 0x0, 0xdf, 0xff,
    0xff, 0xf8, 0x10, 0x0, 0x0, 0x0, 0x0, 0x7e,
    0xff, 0xff, 0xff, 0x92, 0x0, 0x0, 0x0, 0x0,
    0x6, 0xdf, 0xff, 0xff, 0xfa, 0x20, 0x0, 0x0,
    0x0, 0x0, 0x5d, 0xff, 0xff, 0xff, 0xb3, 0x0,
    0x0, 0x0, 0x0, 0x5, 0xcf, 0xff, 0xff, 0xfc,
    0x40, 0x0, 0x0, 0x0, 0x0, 0x4c, 0xff, 0xff,
    0xfc, 0x0, 0x0, 0x0, 0x0, 0x0, 0x3, 0xbf,
    0xff, 0xc0, 0x0, 0x0, 0x0, 0x0, 0x0, 0x0,
    0x3a, 0xfc, 0x0, 0x0, 0x0, 0x0, 0x0, 0x0,
    0x0, 0x2, 0x60,

    /* U+003D "=" */
    0x8a, 0xaa, 0xaa, 0xaa, 0xaa, 0xaa, 0xaa, 0xaa,
    0x6d, 0xff, 0xff, 0xff, 0xff, 0xff, 0xff, 0xff,
    0xfa, 0xdf, 0xff, 0xff, 0xff, 0xff, 0xff, 0xff,
    0xff, 0xad, 0xff, 0xff, 0xff, 0xff, 0xff, 0xff,
    0xff, 0xfa, 0x0, 0x0, 0x0, 0x0, 0x0, 0x0,
    0x0, 0x0, 0x0, 0x0, 0x0, 0x0, 0x0, 0x0,
    0x0, 0x0, 0x0, 0x0, 0x0, 0x0, 0x0, 0x0,
    0x0, 0x0, 0x0, 0x0, 0x0, 0x0, 0x0, 0x0,
    0x0, 0x0, 0x0, 0x0, 0x0, 0x0, 0x0, 0x0,
    0x0, 0x0, 0x0, 0x0, 0x8, 0xaa, 0xaa, 0xaa,
    0xaa, 0xaa, 0xaa, 0xaa, 0xa6, 0xdf, 0xff, 0xff,
    0xff, 0xff, 0xff, 0xff, 0xff, 0xad, 0xff, 0xff,
    0xff, 0xff, 0xff, 0xff, 0xff, 0xfa, 0xdf, 0xff,
    0xff, 0xff, 0xff, 0xff, 0xff, 0xff, 0xa0,

    /* U+003E ">" */
    0x30, 0x0, 0x0, 0x0, 0x0, 0x0, 0x0, 0x0,
    0xe, 0xc4, 0x0, 0x0, 0x0, 0x0, 0x0, 0x0,
    0x0, 0xef, 0xfd, 0x50, 0x0, 0x0, 0x0, 0x0,
    0x0, 0xe, 0xff, 0xff, 0xd6, 0x0, 0x0, 0x0,
    0x0, 0x0, 0x9f, 0xff, 0xff, 0xfe, 0x60, 0x0,
    0x0, 0x0, 0x0, 0x29, 0xff, 0xff, 0xff, 0xe7,
    0x0, 0x0, 0x0, 0x0, 0x1, 0x8f, 0xff, 0xff,
    0xfe, 0x81, 0x0, 0x0, 0x0, 0x0, 0x7, 0xef,
    0xff, 0xff, 0xf8, 0x10, 0x0, 0x0, 0x0, 0x0,
    0x6d, 0xff, 0xff, 0xff, 0x70, 0x0, 0x0, 0x0,
    0x0, 0x5, 0xdf, 0xff, 0xfc, 0x0, 0x0, 0x0,
    0x0, 0x0, 0x0, 0x3c, 0xff, 0xc0, 0x0, 0x0,
    0x0, 0x0, 0x0, 0x7d, 0xff, 0xfc, 0x0, 0x0,
    0x0, 0x0, 0x18, 0xff, 0xff, 0xff, 0xb0, 0x0,
    0x0, 0x2, 0x9f, 0xff, 0xff, 0xfd, 0x50, 0x0,
    0x0, 0x2a, 0xff, 0xff, 0xff, 0xc5, 0x0, 0x0,
    0x3, 0xbf, 0xff, 0xff, 0xfc, 0x40, 0x0, 0x0,
    0x4b, 0xff, 0xff, 0xff, 0xb3, 0x0, 0x0, 0x0,
    0xe, 0xff, 0xff, 0xfa, 0x30, 0x0, 0x0, 0x0,
    0x0, 0xef, 0xff, 0xa2, 0x0, 0x0, 0x0, 0x0,
    0x0, 0xe, 0xf9, 0x20, 0x0, 0x0, 0x0, 0x0,
    0x0, 0x0, 0x71, 0x0, 0x0, 0x0, 0x0, 0x0,
    0x0, 0x0, 0x0,

    /* U+003F "?" */
    0x5f, 0xff, 0xff, 0xed, 0xa5, 0x0, 0x0, 0x5,
    0xff, 0xff, 0xff, 0xff, 0xfe, 0x60, 0x0, 0x5f,
    0xff, 0xff, 0xff, 0xff, 0xff, 0x90, 0x4, 0xcc,
    0xcc, 0xcd, 0xff, 0xff, 0xff, 0x70, 0x0, 0x0,
    0x0, 0x0, 0x5e, 0xff, 0xff, 0x10, 0x0, 0x0,
    0x0, 0x0, 0x2f, 0xff, 0xf6, 0x0, 0x0, 0x0,
    0x0, 0x0, 0x9f, 0xff, 0xa0, 0x0, 0x0, 0x0,
    0x0, 0x6, 0xff, 0xfb, 0x0, 0x0, 0x0, 0x0,
    0x0, 0x7f, 0xff, 0xa0, 0x0, 0x0, 0x0, 0x0,
    0xd, 0xff, 0xf8, 0x0, 0x0, 0x0, 0x0, 0xa,
    0xff, 0xff, 0x20, 0x0, 0x37, 0x77, 0xae, 0xff,
    0xff, 0xb0, 0x0, 0x8, 0xff, 0xff, 0xff, 0xff,
    0xe1, 0x0, 0x0, 0x8f, 0xff, 0xff, 0xff, 0xc1,
    0x0, 0x0, 0x8, 0xff, 0xff, 0xdb, 0x50, 0x0,
    0x0, 0x0, 0x8f, 0xff, 0x50, 0x0, 0x0, 0x0,
    0x0, 0x8, 0xff, 0xf5, 0x0, 0x0, 0x0, 0x0,
    0x0, 0x8f, 0xff, 0x50, 0x0, 0x0, 0x0, 0x0,
    0x3, 0x77, 0x72, 0x0, 0x0, 0x0, 0x0, 0x0,
    0x0, 0x0, 0x0, 0x0, 0x0, 0x0, 0x0, 0x0,
    0x0, 0x0, 0x0, 0x0, 0x0, 0x0, 0x0, 0x0,
    0x0, 0x0, 0x0, 0x0, 0x0, 0x0, 0x5, 0xab,
    0xa3, 0x0, 0x0, 0x0, 0x0, 0x5, 0xff, 0xff,
    0xf1, 0x0, 0x0, 0x0, 0x0, 0x9f, 0xff, 0xff,
    0x50, 0x0, 0x0, 0x0, 0x7, 0xff, 0xff, 0xf2,
    0x0, 0x0, 0x0, 0x0, 0xa, 0xff, 0xe6, 0x0,
    0x0, 0x0, 0x0,

    /* U+0040 "@" */
    0x0, 0x0, 0x0, 0x38, 0xce, 0xff, 0xec, 0x82,
    0x0, 0x0, 0x0, 0x0, 0x2, 0xcf, 0xff, 0xff,
    0xff, 0xff, 0xfa, 0x10, 0x0, 0x0, 0x5, 0xff,
    0xff, 0xff, 0xff, 0xff, 0xff, 0xfe, 0x20, 0x0,
    0x4, 0xff, 0xff, 0xc5, 0x20, 0x2, 0x6d, 0xff,
    0xfd, 0x0, 0x0, 0xef, 0xff, 0x60, 0x0, 0x0,
    0x0, 0x9, 0xff, 0xf8, 0x0, 0x7f, 0xff, 0x70,
    0x0, 0x0, 0x0, 0x0, 0xc, 0xff, 0xe0, 0xd,
    0xff, 0xd0, 0x0, 0x0, 0x0, 0x0, 0x0, 0x5f,
    0xff, 0x32, 0xff, 0xf7, 0x0, 0x0, 0x0, 0x0,
    0x0, 0x1, 0xff, 0xf6, 0x5f, 0xff, 0x30, 0x0,
    0x0, 0x0, 0x0, 0x0, 0xf, 0xff, 0x77, 0xff,
    0xf1, 0x0, 0x0, 0x6, 0xcf, 0xfc, 0x50, 0xff,
    0xf8, 0x8f, 0xff, 0x0, 0x0, 0xa, 0xff, 0xff,
    0xff, 0x7f, 0xff, 0x88, 0xff, 0xf0, 0x0, 0x5,
    0xff, 0xff, 0xca, 0xef, 0xff, 0xf8, 0x8f, 0xff,
    0x0, 0x0, 0xbf, 0xff, 0x30, 0x0, 0xbf, 0xff,
    0x88, 0xff, 0xf0, 0x0, 0xe, 0xff, 0x90, 0x0,
    0x3, 0xff, 0xf8, 0x8f, 0xff, 0x0, 0x0, 0xff,
    0xf7, 0x0, 0x0, 0xf, 0xff, 0x88, 0xff, 0xf0,
    0x0, 0xf, 0xff, 0x60, 0x0, 0x0, 0xff, 0xf8,
    0x8f, 0xff, 0x0, 0x0, 0xff, 0xf6, 0x0, 0x0,
    0xf, 0xff, 0x88, 0xff, 0xf0, 0x0, 0xf, 0xff,
    0x60, 0x0, 0x0, 0xff, 0xf8, 0x8f, 0xff, 0x0,
    0x0, 0xff, 0xf6, 0x0, 0x0, 0xf, 0xff, 0x88,
    0xff, 0xf0, 0x0, 0xf, 0xff, 0x70, 0x0, 0x1,
    0xff, 0xf7, 0x8f, 0xff, 0x0, 0x0, 0xdf, 0xfb,
    0x0, 0x0, 0x4f, 0xff, 0x48, 0xff, 0xf0, 0x0,
    0x8, 0xff, 0xf6, 0x0, 0x2d, 0xff, 0xf0, 0x8f,
    0xff, 0x0, 0x0, 0x1e, 0xff, 0xfe, 0xdf, 0xff,
    0xf7, 0x8, 0xff, 0xf0, 0x0, 0x0, 0x3e, 0xff,
    0xff, 0xff, 0xf8, 0x0, 0x7f, 0xff, 0x10, 0x0,
    0x0, 0x18, 0xcf, 0xfe, 0xa3, 0x0, 0x5, 0xff,
    0xf3, 0x0, 0x0, 0x0, 0x0, 0x0, 0x0, 0x0,
    0x0, 0x2f, 0xff, 0x80, 0x0, 0x0, 0x0, 0x0,
    0x0, 0x0, 0x0, 0x0, 0xdf, 0xfe, 0x10, 0x0,
    0x0, 0x0, 0x0, 0x0, 0x0, 0x0, 0x6, 0xff,
    0xfb, 0x0, 0x0, 0x0, 0x0, 0x0, 0x0, 0x0,
    0x0, 0xd, 0xff, 0xfb, 0x10, 0x0, 0x0, 0x0,
    0x0, 0x0, 0x0, 0x0, 0x2f, 0xff, 0xff, 0xa6,
    0x43, 0x33, 0x31, 0x0, 0x0, 0x0, 0x0, 0x3e,
    0xff, 0xff, 0xff, 0xff, 0xff, 0x80, 0x0, 0x0,
    0x0, 0x0, 0x1a, 0xff, 0xff, 0xff, 0xff, 0xf8,
    0x0, 0x0, 0x0, 0x0, 0x0, 0x1, 0x7b, 0xef,
    0xff, 0xff, 0x80, 0x0, 0x0,

    /* U+0041 "A" */
    0x0, 0x0, 0x0, 0x6, 0xff, 0xff, 0xf3, 0x0,
    0x0, 0x0, 0x0, 0x0, 0x0, 0x0, 0xbf, 0xff,
    0xff, 0x70, 0x0, 0x0, 0x0, 0x0, 0x0, 0x0,
    0xf, 0xff, 0xff, 0xfc, 0x0, 0x0, 0x0, 0x0,
    0x0, 0x0, 0x3, 0xff, 0xfe, 0xff, 0xf0, 0x0,
    0x0, 0x0, 0x0, 0x0, 0x0, 0x7f, 0xff, 0x8f,
    0xff, 0x40, 0x0, 0x0, 0x0, 0x0, 0x0, 0xb,
    0xff, 0xf2, 0xff, 0xf8, 0x0, 0x0, 0x0, 0x0,
    0x0, 0x0, 0xff, 0xfb, 0xe, 0xff, 0xc0, 0x0,
    0x0, 0x0, 0x0, 0x0, 0x4f, 0xff, 0x70, 0xbf,
    0xff, 0x10, 0x0, 0x0, 0x0, 0x0, 0x8, 0xff,
    0xf3, 0x7, 0xff, 0xf5, 0x0, 0x0, 0x0, 0x0,
    0x0, 0xcf, 0xff, 0x0, 0x3f, 0xff, 0x90, 0x0,
    0x0, 0x0, 0x0, 0xf, 0xff, 0xc0, 0x0, 0xff,
    0xfd, 0x0, 0x0, 0x0, 0x0, 0x4, 0xff, 0xf8,
    0x0, 0xb, 0xff, 0xf1, 0x0, 0x0, 0x0, 0x0,
    0x9f, 0xff, 0x40, 0x0, 0x7f, 0xff, 0x60, 0x0,
    0x0, 0x0, 0xd, 0xff, 0xf0, 0x0, 0x3, 0xff,
    0xfa, 0x0, 0x0, 0x0, 0x1, 0xff, 0xfc, 0x0,
    0x0, 0xf, 0xff, 0xe0, 0x0, 0x0, 0x0, 0x5f,
    0xff, 0x80, 0x0, 0x0, 0xbf, 0xff, 0x20, 0x0,
    0x0, 0x9, 0xff, 0xf9, 0x66, 0x66, 0x6b, 0xff,
    0xf6, 0x0, 0x0, 0x0, 0xef, 0xff, 0xff, 0xff,
    0xff, 0xff, 0xff, 0xb0, 0x0, 0x0, 0x2f, 0xff,
    0xff, 0xff, 0xff, 0xff, 0xff, 0xff, 0x0, 0x0,
    0x6, 0xff, 0xff, 0xff, 0xff, 0xff, 0xff, 0xff,
    0xf3, 0x0, 0x0, 0xaf, 0xff, 0x50, 0x0, 0x0,
    0x0, 0x8f, 0xff, 0x70, 0x0, 0xe, 0xff, 0xf1,
    0x0, 0x0, 0x0, 0x4, 0xff, 0xfc, 0x0, 0x2,
    0xff, 0xfe, 0x0, 0x0, 0x0, 0x0, 0xf, 0xff,
    0xf0, 0x0, 0x7f, 0xff, 0xa0, 0x0, 0x0, 0x0,
    0x0, 0xcf, 0xff, 0x40, 0xb, 0xff, 0xf6, 0x0,
    0x0, 0x0, 0x0, 0x9, 0xff, 0xf8, 0x0, 0xff,
    0xff, 0x20, 0x0, 0x0, 0x0, 0x0, 0x5f, 0xff,
    0xc0, 0x3f, 0xff, 0xe0, 0x0, 0x0, 0x0, 0x0,
    0x1, 0xff, 0xff, 0x10,

    /* U+0042 "B" */
    0xcf, 0xff, 0xff, 0xff, 0xfe, 0xd9, 0x40, 0x0,
    0x0, 0xcf, 0xff, 0xff, 0xff, 0xff, 0xff, 0xfd,
    0x30, 0x0, 0xcf, 0xff, 0xff, 0xff, 0xff, 0xff,
    0xff, 0xf4, 0x0, 0xcf, 0xff, 0x97, 0x77, 0x79,
    0xdf, 0xff, 0xfe, 0x10, 0xcf, 0xff, 0x30, 0x0,
    0x0, 0x7, 0xff, 0xff, 0x70, 0xcf, 0xff, 0x30,
    0x0, 0x0, 0x0, 0xaf, 0xff, 0xb0, 0xcf, 0xff,
    0x30, 0x0, 0x0, 0x0, 0x5f, 0xff, 0xc0, 0xcf,
    0xff, 0x30, 0x0, 0x0, 0x0, 0x4f, 0xff, 0xc0,
    0xcf, 0xff, 0x30, 0x0, 0x0, 0x0, 0x7f, 0xff,
    0x90, 0xcf, 0xff, 0x30, 0x0, 0x0, 0x1, 0xef,
    0xff, 0x20, 0xcf, 0xff, 0x30, 0x0, 0x2, 0x6e,
    0xff, 0xf7, 0x0, 0xcf, 0xff, 0xff, 0xff, 0xff,
    0xff, 0xfe, 0x60, 0x0, 0xcf, 0xff, 0xff, 0xff,
    0xff, 0xff, 0xa2, 0x0, 0x0, 0xcf, 0xff, 0xff,
    0xff, 0xff, 0xff, 0xff, 0x80, 0x0, 0xcf, 0xff,
    0x86, 0x66, 0x67, 0xbf, 0xff, 0xfb, 0x0, 0xcf,
    0xff, 0x30, 0x0, 0x0, 0x3, 0xef, 0xff, 0x70,
    0xcf, 0xff, 0x30, 0x0, 0x0, 0x0, 0x4f, 0xff,
    0xe0, 0xcf, 0xff, 0x30, 0x0, 0x0, 0x0, 0xd,
    0xff, 0xf4, 0xcf, 0xff, 0x30, 0x0, 0x0, 0x0,
    0xa, 0xff, 0xf6, 0xcf, 0xff, 0x30, 0x0, 0x0,
    0x0, 0x9, 0xff, 0xf7, 0xcf, 0xff, 0x30, 0x0,
    0x0, 0x0, 0xc, 0xff, 0xf5, 0xcf, 0xff, 0x30,
    0x0, 0x0, 0x0, 0x3f, 0xff, 0xf2, 0xcf, 0xff,
    0x30, 0x0, 0x0, 0x3, 0xef, 0xff, 0xd0, 0xcf,
    0xff, 0x97, 0x77, 0x78, 0xcf, 0xff, 0xff, 0x40,
    0xcf, 0xff, 0xff, 0xff, 0xff, 0xff, 0xff, 0xf8,
    0x0, 0xcf, 0xff, 0xff, 0xff, 0xff, 0xff, 0xff,
    0x60, 0x0, 0xcf, 0xff, 0xff, 0xff, 0xff, 0xeb,
    0x60, 0x0, 0x0,

    /* U+0043 "C" */
    0x0, 0x0, 0x28, 0xce, 0xff, 0xda, 0x50, 0x0,
    0x0, 0x0, 0x1a, 0xff, 0xff, 0xff, 0xff, 0xfd,
    0x30, 0x0, 0x1, 0xdf, 0xff, 0xff, 0xff, 0xff,
    0xff, 0xf4, 0x0, 0xb, 0xff, 0xff, 0xfb, 0x9a,
    0xdf, 0xff, 0xfe, 0x10, 0x3f, 0xff, 0xfa, 0x0,
    0x0, 0x5, 0xff, 0xff, 0x80, 0x8f, 0xff, 0xd0,
    0x0, 0x0, 0x0, 0x7f, 0xff, 0xd0, 0xbf, 0xff,
    0x70, 0x0, 0x0, 0x0, 0x1f, 0xff, 0xf1, 0xcf,
    0xff, 0x50, 0x0, 0x0, 0x0, 0xb, 0xcc, 0xc1,
    0xdf, 0xff, 0x40, 0x0, 0x0, 0x0, 0x0, 0x0,
    0x0, 0xdf, 0xff, 0x40, 0x0, 0x0, 0x0, 0x0,
    0x0, 0x0, 0xdf, 0xff, 0x40, 0x0, 0x0, 0x0,
    0x0, 0x0, 0x0, 0xdf, 0xff, 0x40, 0x0, 0x0,
    0x0, 0x0, 0x0, 0x0, 0xdf, 0xff, 0x40, 0x0,
    0x0, 0x0, 0x0, 0x0, 0x0, 0xdf, 0xff, 0x40,
    0x0, 0x0, 0x0, 0x0, 0x0, 0x0, 0xdf, 0xff,
    0x40, 0x0, 0x0, 0x0, 0x0, 0x0, 0x0, 0xdf,
    0xff, 0x40, 0x0, 0x0, 0x0, 0x0, 0x0, 0x0,
    0xdf, 0xff, 0x40, 0x0, 0x0, 0x0, 0x0, 0x0,
    0x0, 0xdf, 0xff, 0x40, 0x0, 0x0, 0x0, 0x0,
    0x0, 0x0, 0xdf, 0xff, 0x40, 0x0, 0x0, 0x0,
    0x0, 0x0, 0x0, 0xcf, 0xff, 0x50, 0x0, 0x0,
    0x0, 0xb, 0xcc, 0xc1, 0xbf, 0xff, 0x70, 0x0,
    0x0, 0x0, 0x1f, 0xff, 0xf1, 0x8f, 0xff, 0xd0,
    0x0, 0x0, 0x0, 0x7f, 0xff, 0xd0, 0x3f, 0xff,
    0xfa, 0x0, 0x0, 0x5, 0xff, 0xff, 0x80, 0xa,
    0xff, 0xff, 0xfb, 0x9a, 0xdf, 0xff, 0xfe, 0x10,
    0x1, 0xdf, 0xff, 0xff, 0xff, 0xff, 0xff, 0xf4,
    0x0, 0x0, 0x1a, 0xff, 0xff, 0xff, 0xff, 0xfd,
    0x30, 0x0, 0x0, 0x0, 0x28, 0xce, 0xff, 0xda,
    0x50, 0x0, 0x0,

    /* U+0044 "D" */
    0xdf, 0xff, 0xff, 0xff, 0xfe, 0xb7, 0x10, 0x0,
    0xd, 0xff, 0xff, 0xff, 0xff, 0xff, 0xff, 0x60,
    0x0, 0xdf, 0xff, 0xff, 0xff, 0xff, 0xff, 0xff,
    0xa0, 0xd, 0xff, 0xfb, 0x99, 0x9a, 0xcf, 0xff,
    0xff, 0x70, 0xdf, 0xff, 0x40, 0x0, 0x0, 0x3d,
    0xff, 0xff, 0x1d, 0xff, 0xf4, 0x0, 0x0, 0x0,
    0x1e, 0xff, 0xf7, 0xdf, 0xff, 0x40, 0x0, 0x0,
    0x0, 0x8f, 0xff, 0xbd, 0xff, 0xf4, 0x0, 0x0,
    0x0, 0x4, 0xff, 0xfd, 0xdf, 0xff, 0x40, 0x0,
    0x0, 0x0, 0x3f, 0xff, 0xed, 0xff, 0xf4, 0x0,
    0x0, 0x0, 0x3, 0xff, 0xfe, 0xdf, 0xff, 0x40,
    0x0, 0x0, 0x0, 0x3f, 0xff, 0xed, 0xff, 0xf4,
    0x0, 0x0, 0x0, 0x3, 0xff, 0xfe, 0xdf, 0xff,
    0x40, 0x0, 0x0, 0x0, 0x3f, 0xff, 0xed, 0xff,
    0xf4, 0x0, 0x0, 0x0, 0x3, 0xff, 0xfe, 0xdf,
    0xff, 0x40, 0x0, 0x0, 0x0, 0x3f, 0xff, 0xed,
    0xff, 0xf4, 0x0, 0x0, 0x0, 0x3, 0xff, 0xfe,
    0xdf, 0xff, 0x40, 0x0, 0x0, 0x0, 0x3f, 0xff,
    0xed, 0xff, 0xf4, 0x0, 0x0, 0x0, 0x3, 0xff,
    0xfe, 0xdf, 0xff, 0x40, 0x0, 0x0, 0x0, 0x3f,
    0xff, 0xed, 0xff, 0xf4, 0x0, 0x0, 0x0, 0x4,
    0xff, 0xfd, 0xdf, 0xff, 0x40, 0x0, 0x0, 0x0,
    0x8f, 0xff, 0xbd, 0xff, 0xf4, 0x0, 0x0, 0x0,
    0x1e, 0xff, 0xf7, 0xdf, 0xff, 0x40, 0x0, 0x0,
    0x3d, 0xff, 0xff, 0x1d, 0xff, 0xfb, 0xaa, 0xaa,
    0xdf, 0xff, 0xff, 0x70, 0xdf, 0xff, 0xff, 0xff,
    0xff, 0xff, 0xff, 0x90, 0xd, 0xff, 0xff, 0xff,
    0xff, 0xff, 0xff, 0x60, 0x0, 0xdf, 0xff, 0xff,
    0xff, 0xfe, 0xb7, 0x10, 0x0, 0x0,

    /* U+0045 "E" */
    0x6f, 0xff, 0xff, 0xff, 0xff, 0xff, 0xff, 0xff,
    0xe6, 0xff, 0xff, 0xff, 0xff, 0xff, 0xff, 0xff,
    0xfe, 0x6f, 0xff, 0xff, 0xff, 0xff, 0xff, 0xff,
    0xff, 0xe6, 0xff, 0xfd, 0x99, 0x99, 0x99, 0x99,
    0x99, 0x98, 0x6f, 0xff, 0x90, 0x0, 0x0, 0x0,
    0x0, 0x0, 0x6, 0xff, 0xf9, 0x0, 0x0, 0x0,
    0x0, 0x0, 0x0, 0x6f, 0xff, 0x90, 0x0, 0x0,
    0x0, 0x0, 0x0, 0x6, 0xff, 0xf9, 0x0, 0x0,
    0x0, 0x0, 0x0, 0x0, 0x6f, 0xff, 0x90, 0x0,
    0x0, 0x0, 0x0, 0x0, 0x6, 0xff, 0xf9, 0x0,
    0x0, 0x0, 0x0, 0x0, 0x0, 0x6f, 0xff, 0x90,
    0x0, 0x0, 0x0, 0x0, 0x0, 0x6, 0xff, 0xff,
    0xff, 0xff, 0xff, 0xff, 0xff, 0x80, 0x6f, 0xff,
    0xff, 0xff, 0xff, 0xff, 0xff, 0xf8, 0x6, 0xff,
    0xff, 0xff, 0xff, 0xff, 0xff, 0xff, 0x80, 0x6f,
    0xff, 0xc7, 0x77, 0x77, 0x77, 0x77, 0x74, 0x6,
    0xff, 0xf9, 0x0, 0x0, 0x0, 0x0, 0x0, 0x0,
    0x6f, 0xff, 0x90, 0x0, 0x0, 0x0, 0x0, 0x0,
    0x6, 0xff, 0xf9, 0x0, 0x0, 0x0, 0x0, 0x0,
    0x0, 0x6f, 0xff, 0x90, 0x0, 0x0, 0x0, 0x0,
    0x0, 0x6, 0xff, 0xf9, 0x0, 0x0, 0x0, 0x0,
    0x0, 0x0, 0x6f, 0xff, 0x90, 0x0, 0x0, 0x0,
    0x0, 0x0, 0x6, 0xff, 0xf9, 0x0, 0x0, 0x0,
    0x0, 0x0, 0x0, 0x6f, 0xff, 0x90, 0x0, 0x0,
    0x0, 0x0, 0x0, 0x6, 0xff, 0xfd, 0x99, 0x99,
    0x99, 0x99, 0x99, 0x98, 0x6f, 0xff, 0xff, 0xff,
    0xff, 0xff, 0xff, 0xff, 0xe6, 0xff, 0xff, 0xff,
    0xff, 0xff, 0xff, 0xff, 0xfe, 0x6f, 0xff, 0xff,
    0xff, 0xff, 0xff, 0xff, 0xff, 0xe0,

    /* U+0046 "F" */
    0xaf, 0xff, 0xff, 0xff, 0xff, 0xff, 0xff, 0xff,
    0xf2, 0xaf, 0xff, 0xff, 0xff, 0xff, 0xff, 0xff,
    0xff, 0xf2, 0xaf, 0xff, 0xff, 0xff, 0xff, 0xff,
    0xff, 0xff, 0xf2, 0xaf, 0xff, 0xdb, 0xbb, 0xbb,
    0xbb, 0xbb, 0xbb, 0xb1, 0xaf, 0xff, 0x60, 0x0,
    0x0, 0x0, 0x0, 0x0, 0x0, 0xaf, 0xff, 0x60,
    0x0, 0x0, 0x0, 0x0, 0x0, 0x0, 0xaf, 0xff,
    0x60, 0x0, 0x0, 0x0, 0x0, 0x0, 0x0, 0xaf,
    0xff, 0x60, 0x0, 0x0, 0x0, 0x0, 0x0, 0x0,
    0xaf, 0xff, 0x60, 0x0, 0x0, 0x0, 0x0, 0x0,
    0x0, 0xaf, 0xff, 0x60, 0x0, 0x0, 0x0, 0x0,
    0x0, 0x0, 0xaf, 0xff, 0x60, 0x0, 0x0, 0x0,
    0x0, 0x0, 0x0, 0xaf, 0xff, 0xdc, 0xcc, 0xcc,
    0xcc, 0xcc, 0xcc, 0x10, 0xaf, 0xff, 0xff, 0xff,
    0xff, 0xff, 0xff, 0xff, 0x20, 0xaf, 0xff, 0xff,
    0xff, 0xff, 0xff, 0xff, 0xff, 0x20, 0xaf, 0xff,
    0xff, 0xff, 0xff, 0xff, 0xff, 0xff, 0x20, 0xaf,
    0xff, 0x70, 0x0, 0x0, 0x0, 0x0, 0x0, 0x0,
    0xaf, 0xff, 0x70, 0x0, 0x0, 0x0, 0x0, 0x0,
    0x0, 0xaf, 0xff, 0x70, 0x0, 0x0, 0x0, 0x0,
    0x0, 0x0, 0xaf, 0xff, 0x70, 0x0, 0x0, 0x0,
    0x0, 0x0, 0x0, 0xaf, 0xff, 0x70, 0x0, 0x0,
    0x0, 0x0, 0x0, 0x0, 0xaf, 0xff, 0x70, 0x0,
    0x0, 0x0, 0x0, 0x0, 0x0, 0xaf, 0xff, 0x70,
    0x0, 0x0, 0x0, 0x0, 0x0, 0x0, 0xaf, 0xff,
    0x70, 0x0, 0x0, 0x0, 0x0, 0x0, 0x0, 0xaf,
    0xff, 0x70, 0x0, 0x0, 0x0, 0x0, 0x0, 0x0,
    0xaf, 0xff, 0x70, 0x0, 0x0, 0x0, 0x0, 0x0,
    0x0, 0xaf, 0xff, 0x70, 0x0, 0x0, 0x0, 0x0,
    0x0, 0x0, 0xaf, 0xff, 0x70, 0x0, 0x0, 0x0,
    0x0, 0x0, 0x0,

    /* U+0047 "G" */
    0x0, 0x0, 0x39, 0xde, 0xfe, 0xd9, 0x40, 0x0,
    0x0, 0x0, 0x1c, 0xff, 0xff, 0xff, 0xff, 0xfc,
    0x20, 0x0, 0x2, 0xef, 0xff, 0xff, 0xff, 0xff,
    0xff, 0xf3, 0x0, 0xd, 0xff, 0xff, 0xeb, 0x9b,
    0xef, 0xff, 0xfe, 0x0, 0x5f, 0xff, 0xf8, 0x0,
    0x0, 0x7, 0xff, 0xff, 0x70, 0xaf, 0xff, 0xa0,
    0x0, 0x0, 0x0, 0x8f, 0xff, 0xc0, 0xdf, 0xff,
    0x40, 0x0, 0x0, 0x0, 0x3f, 0xff, 0xf0, 0xef,
    0xff, 0x20, 0x0, 0x0, 0x0, 0x7, 0x77, 0x70,
    0xff, 0xff, 0x20, 0x0, 0x0, 0x0, 0x0, 0x0,
    0x0, 0xff, 0xff, 0x20, 0x0, 0x0, 0x0, 0x0,
    0x0, 0x0, 0xff, 0xff, 0x20, 0x0, 0x0, 0x0,
    0x0, 0x0, 0x0, 0xff, 0xff, 0x20, 0x0, 0x0,
    0x0, 0x0, 0x0, 0x0, 0xff, 0xff, 0x20, 0x4,
    0xff, 0xff, 0xff, 0xff, 0xf0, 0xff, 0xff, 0x20,
    0x4, 0xff, 0xff, 0xff, 0xff, 0xf0, 0xff, 0xff,
    0x20, 0x4, 0xff, 0xff, 0xff, 0xff, 0xf0, 0xff,
    0xff, 0x20, 0x2, 0x99, 0x99, 0xaf, 0xff, 0xf0,
    0xff, 0xff, 0x20, 0x0, 0x0, 0x0, 0x1f, 0xff,
    0xf0, 0xff, 0xff, 0x20, 0x0, 0x0, 0x0, 0x1f,
    0xff, 0xf0, 0xff, 0xff, 0x20, 0x0, 0x0, 0x0,
    0x1f, 0xff, 0xf0, 0xef, 0xff, 0x20, 0x0, 0x0,
    0x0, 0x1f, 0xff, 0xf0, 0xdf, 0xff, 0x40, 0x0,
    0x0, 0x0, 0x4f, 0xff, 0xe0, 0xaf, 0xff, 0xa0,
    0x0, 0x0, 0x0, 0xaf, 0xff, 0xa0, 0x5f, 0xff,
    0xf8, 0x0, 0x0, 0x8, 0xff, 0xff, 0x50, 0xd,
    0xff, 0xff, 0xea, 0x9a, 0xef, 0xff, 0xfc, 0x0,
    0x2, 0xef, 0xff, 0xff, 0xff, 0xff, 0xff, 0xe1,
    0x0, 0x0, 0x1c, 0xff, 0xff, 0xff, 0xff, 0xfb,
    0x10, 0x0, 0x0, 0x0, 0x39, 0xde, 0xfe, 0xd9,
    0x30, 0x0, 0x0,

    /* U+0048 "H" */
    0xcf, 0xff, 0x50, 0x0, 0x0, 0x0, 0x8f, 0xff,
    0x9c, 0xff, 0xf5, 0x0, 0x0, 0x0, 0x8, 0xff,
    0xf9, 0xcf, 0xff, 0x50, 0x0, 0x0, 0x0, 0x8f,
    0xff, 0x9c, 0xff, 0xf5, 0x0, 0x0, 0x0, 0x8,
    0xff, 0xf9, 0xcf, 0xff, 0x50, 0x0, 0x0, 0x0,
    0x8f, 0xff, 0x9c, 0xff, 0xf5, 0x0, 0x0, 0x0,
    0x8, 0xff, 0xf9, 0xcf, 0xff, 0x50, 0x0, 0x0,
    0x0, 0x8f, 0xff, 0x9c, 0xff, 0xf5, 0x0, 0x0,
    0x0, 0x8, 0xff, 0xf9, 0xcf, 0xff, 0x50, 0x0,
    0x0, 0x0, 0x8f, 0xff, 0x9c, 0xff, 0xf5, 0x0,
    0x0, 0x0, 0x8, 0xff, 0xf9, 0xcf, 0xff, 0x50,
    0x0, 0x0, 0x0, 0x8f, 0xff, 0x9c, 0xff, 0xff,
    0xff, 0xff, 0xff, 0xff, 0xff, 0xf9, 0xcf, 0xff,
    0xff, 0xff, 0xff, 0xff, 0xff, 0xff, 0x9c, 0xff,
    0xff, 0xff, 0xff, 0xff, 0xff, 0xff, 0xf9, 0xcf,
    0xff, 0xba, 0xaa, 0xaa, 0xaa, 0xdf, 0xff, 0x9c,
    0xff, 0xf5, 0x0, 0x0, 0x0, 0x8, 0xff, 0xf9,
    0xcf, 0xff, 0x50, 0x0, 0x0, 0x0, 0x8f, 0xff,
    0x9c, 0xff, 0xf5, 0x0, 0x0, 0x0, 0x8, 0xff,
    0xf9, 0xcf, 0xff, 0x50, 0x0, 0x0, 0x0, 0x8f,
    0xff, 0x9c, 0xff, 0xf5, 0x0, 0x0, 0x0, 0x8,
    0xff, 0xf9, 0xcf, 0xff, 0x50, 0x0, 0x0, 0x0,
    0x8f, 0xff, 0x9c, 0xff, 0xf5, 0x0, 0x0, 0x0,
    0x8, 0xff, 0xf9, 0xcf, 0xff, 0x50, 0x0, 0x0,
    0x0, 0x8f, 0xff, 0x9c, 0xff, 0xf5, 0x0, 0x0,
    0x0, 0x8, 0xff, 0xf9, 0xcf, 0xff, 0x50, 0x0,
    0x0, 0x0, 0x8f, 0xff, 0x9c, 0xff, 0xf5, 0x0,
    0x0, 0x0, 0x8, 0xff, 0xf9, 0xcf, 0xff, 0x50,
    0x0, 0x0, 0x0, 0x8f, 0xff, 0x90,

    /* U+0049 "I" */
    0x4f, 0xff, 0xff, 0xff, 0xff, 0xff, 0xff, 0xff,
    0x14, 0xff, 0xff, 0xff, 0xff, 0xff, 0xff, 0xff,
    0xf1, 0x4f, 0xff, 0xff, 0xff, 0xff, 0xff, 0xff,
    0xff, 0x13, 0xaa, 0xaa, 0xae, 0xff, 0xfd, 0xaa,
    0xaa, 0xa1, 0x0, 0x0, 0x0, 0xbf, 0xff, 0x70,
    0x0, 0x0, 0x0, 0x0, 0x0, 0xb, 0xff, 0xf7,
    0x0, 0x0, 0x0, 0x0, 0x0, 0x0, 0xbf, 0xff,
    0x70, 0x0, 0x0, 0x0, 0x0, 0x0, 0xb, 0xff,
    0xf7, 0x0, 0x0, 0x0, 0x0, 0x0, 0x0, 0xbf,
    0xff, 0x70, 0x0, 0x0, 0x0, 0x0, 0x0, 0xb,
    0xff, 0xf7, 0x0, 0x0, 0x0, 0x0, 0x0, 0x0,
    0xbf, 0xff, 0x70, 0x0, 0x0, 0x0, 0x0, 0x0,
    0xb, 0xff, 0xf7, 0x0, 0x0, 0x0, 0x0, 0x0,
    0x0, 0xbf, 0xff, 0x70, 0x0, 0x0, 0x0, 0x0,
    0x0, 0xb, 0xff, 0xf7, 0x0, 0x0, 0x0, 0x0,
    0x0, 0x0, 0xbf, 0xff, 0x70, 0x0, 0x0, 0x0,
    0x0, 0x0, 0xb, 0xff, 0xf7, 0x0, 0x0, 0x0,
    0x0, 0x0, 0x0, 0xbf, 0xff, 0x70, 0x0, 0x0,
    0x0, 0x0, 0x0, 0xb, 0xff, 0xf7, 0x0, 0x0,
    0x0, 0x0, 0x0, 0x0, 0xbf, 0xff, 0x70, 0x0,
    0x0, 0x0, 0x0, 0x0, 0xb, 0xff, 0xf7, 0x0,
    0x0, 0x0, 0x0, 0x0, 0x0, 0xbf, 0xff, 0x70,
    0x0, 0x0, 0x0, 0x0, 0x0, 0xb, 0xff, 0xf7,
    0x0, 0x0, 0x0, 0x0, 0x0, 0x0, 0xbf, 0xff,
    0x70, 0x0, 0x0, 0x3, 0xaa, 0xaa, 0xae, 0xff,
    0xfd, 0xaa, 0xaa, 0xa1, 0x4f, 0xff, 0xff, 0xff,
    0xff, 0xff, 0xff, 0xff, 0x14, 0xff, 0xff, 0xff,
    0xff, 0xff, 0xff, 0xff, 0xf1, 0x4f, 0xff, 0xff,
    0xff, 0xff, 0xff, 0xff, 0xff, 0x10,

    /* U+004A "J" */
    0x0, 0x0, 0x0, 0x0, 0x0, 0x0, 0x0, 0xff,
    0xff, 0x10, 0x0, 0x0, 0x0, 0x0, 0x0, 0x0,
    0xf, 0xff, 0xf1, 0x0, 0x0, 0x0, 0x0, 0x0,
    0x0, 0x0, 0xff, 0xff, 0x10, 0x0, 0x0, 0x0,
    0x0, 0x0, 0x0, 0xf, 0xff, 0xf1, 0x0, 0x0,
    0x0, 0x0, 0x0, 0x0, 0x0, 0xff, 0xff, 0x10,
    0x0, 0x0, 0x0, 0x0, 0x0, 0x0, 0xf, 0xff,
    0xf1, 0x0, 0x0, 0x0, 0x0, 0x0, 0x0, 0x0,
    0xff, 0xff, 0x10, 0x0, 0x0, 0x0, 0x0, 0x0,
    0x0, 0xf, 0xff, 0xf1, 0x0, 0x0, 0x0, 0x0,
    0x0, 0x0, 0x0, 0xff, 0xff, 0x10, 0x0, 0x0,
    0x0, 0x0, 0x0, 0x0, 0xf, 0xff, 0xf1, 0x0,
    0x0, 0x0, 0x0, 0x0, 0x0, 0x0, 0xff, 0xff,
    0x10, 0x0, 0x0, 0x0, 0x0, 0x0, 0x0, 0xf,
    0xff, 0xf1, 0x0, 0x0, 0x0, 0x0, 0x0, 0x0,
    0x0, 0xff, 0xff, 0x10, 0x0, 0x0, 0x0, 0x0,
    0x0, 0x0, 0xf, 0xff, 0xf1, 0x0, 0x0, 0x0,
    0x0, 0x0, 0x0, 0x0, 0xff, 0xff, 0x10, 0x0,
    0x0, 0x0, 0x0, 0x0, 0x0, 0xf, 0xff, 0xf1,
    0x0, 0x0, 0x0, 0x0, 0x0, 0x0, 0x0, 0xff,
    0xff, 0x10, 0x0, 0x0, 0x0, 0x0, 0x0, 0x0,
    0xf, 0xff, 0xf1, 0x13, 0x33, 0x10, 0x0, 0x0,
    0x0, 0x0, 0xff, 0xff, 0x18, 0xff, 0xf9, 0x0,
    0x0, 0x0, 0x0, 0xf, 0xff, 0xf0, 0x6f, 0xff,
    0xc0, 0x0, 0x0, 0x0, 0x3, 0xff, 0xff, 0x2,
    0xff, 0xff, 0x40, 0x0, 0x0, 0x0, 0xbf, 0xff,
    0xb0, 0xc, 0xff, 0xfe, 0x40, 0x0, 0x0, 0x9f,
    0xff, 0xf5, 0x0, 0x4f, 0xff, 0xff, 0xd9, 0x9b,
    0xff, 0xff, 0xfc, 0x0, 0x0, 0x7f, 0xff, 0xff,
    0xff, 0xff, 0xff, 0xfe, 0x10, 0x0, 0x0, 0x5e,
    0xff, 0xff, 0xff, 0xff, 0xfb, 0x10, 0x0, 0x0,
    0x0, 0x6, 0xad, 0xff, 0xec, 0x83, 0x0, 0x0,
    0x0,

    /* U+004B "K" */
    0xdf, 0xff, 0x40, 0x0, 0x0, 0x0, 0x9, 0xff,
    0xfd, 0xd, 0xff, 0xf4, 0x0, 0x0, 0x0, 0x1,
    0xff, 0xff, 0x50, 0xdf, 0xff, 0x40, 0x0, 0x0,
    0x0, 0x9f, 0xff, 0xd0, 0xd, 0xff, 0xf4, 0x0,
    0x0, 0x0, 0x2f, 0xff, 0xf4, 0x0, 0xdf, 0xff,
    0x40, 0x0, 0x0, 0xa, 0xff, 0xfc, 0x0, 0xd,
    0xff, 0xf4, 0x0, 0x0, 0x2, 0xff, 0xff, 0x40,
    0x0, 0xdf, 0xff, 0x40, 0x0, 0x0, 0xaf, 0xff,
    0xb0, 0x0, 0xd, 0xff, 0xf4, 0x0, 0x0, 0x3f,
    0xff, 0xf3, 0x0, 0x0, 0xdf, 0xff, 0x40, 0x0,
    0xb, 0xff, 0xfb, 0x0, 0x0, 0xd, 0xff, 0xf4,
    0x0, 0x3, 0xff, 0xff, 0x30, 0x0, 0x0, 0xdf,
    0xff, 0x40, 0x0, 0xcf, 0xff, 0xa0, 0x0, 0x0,
    0xd, 0xff, 0xff, 0xff, 0xff, 0xff, 0xf2, 0x0,
    0x0, 0x0, 0xdf, 0xff, 0xff, 0xff, 0xff, 0xfa,
    0x0, 0x0, 0x0, 0xd, 0xff, 0xff, 0xff, 0xff,
    0xff, 0xe0, 0x0, 0x0, 0x0, 0xdf, 0xff, 0xa8,
    0x88, 0xff, 0xff, 0x60, 0x0, 0x0, 0xd, 0xff,
    0xf4, 0x0, 0xa, 0xff, 0xfe, 0x0, 0x0, 0x0,
    0xdf, 0xff, 0x40, 0x0, 0x2f, 0xff, 0xf6, 0x0,
    0x0, 0xd, 0xff, 0xf4, 0x0, 0x0, 0xaf, 0xff,
    0xd0, 0x0, 0x0, 0xdf, 0xff, 0x40, 0x0, 0x3,
    0xff, 0xff, 0x50, 0x0, 0xd, 0xff, 0xf4, 0x0,
    0x0, 0xb, 0xff, 0xfd, 0x0, 0x0, 0xdf, 0xff,
    0x40, 0x0, 0x0, 0x4f, 0xff, 0xf5, 0x0, 0xd,
    0xff, 0xf4, 0x0, 0x0, 0x0, 0xcf, 0xff, 0xc0,
    0x0, 0xdf, 0xff, 0x40, 0x0, 0x0, 0x4, 0xff,
    0xff, 0x40, 0xd, 0xff, 0xf4, 0x0, 0x0, 0x0,
    0xd, 0xff, 0xfc, 0x0, 0xdf, 0xff, 0x40, 0x0,
    0x0, 0x0, 0x5f, 0xff, 0xf4, 0xd, 0xff, 0xf4,
    0x0, 0x0, 0x0, 0x0, 0xdf, 0xff, 0xb0, 0xdf,
    0xff, 0x40, 0x0, 0x0, 0x0, 0x6, 0xff, 0xff,
    0x30,

    /* U+004C "L" */
    0x3f, 0xff, 0xe0, 0x0, 0x0, 0x0, 0x0, 0x0,
    0x0, 0x3f, 0xff, 0xe0, 0x0, 0x0, 0x0, 0x0,
    0x0, 0x0, 0x3f, 0xff, 0xe0, 0x0, 0x0, 0x0,
    0x0, 0x0, 0x0, 0x3f, 0xff, 0xe0, 0x0, 0x0,
    0x0, 0x0, 0x0, 0x0, 0x3f, 0xff, 0xe0, 0x0,
    0x0, 0x0, 0x0, 0x0, 0x0, 0x3f, 0xff, 0xe0,
    0x0, 0x0, 0x0, 0x0, 0x0, 0x0, 0x3f, 0xff,
    0xe0, 0x0, 0x0, 0x0, 0x0, 0x0, 0x0, 0x3f,
    0xff, 0xe0, 0x0, 0x0, 0x0, 0x0, 0x0, 0x0,
    0x3f, 0xff, 0xe0, 0x0, 0x0, 0x0, 0x0, 0x0,
    0x0, 0x3f, 0xff, 0xe0, 0x0, 0x0, 0x0, 0x0,
    0x0, 0x0, 0x3f, 0xff, 0xe0, 0x0, 0x0, 0x0,
    0x0, 0x0, 0x0, 0x3f, 0xff, 0xe0, 0x0, 0x0,
    0x0, 0x0, 0x0, 0x0, 0x3f, 0xff, 0xe0, 0x0,
    0x0, 0x0, 0x0, 0x0, 0x0, 0x3f, 0xff, 0xe0,
    0x0, 0x0, 0x0, 0x0, 0x0, 0x0, 0x3f, 0xff,
    0xe0, 0x0, 0x0, 0x0, 0x0, 0x0, 0x0, 0x3f,
    0xff, 0xe0, 0x0, 0x0, 0x0, 0x0, 0x0, 0x0,
    0x3f, 0xff, 0xe0, 0x0, 0x0, 0x0, 0x0, 0x0,
    0x0, 0x3f, 0xff, 0xe0, 0x0, 0x0, 0x0, 0x0,
    0x0, 0x0, 0x3f, 0xff, 0xe0, 0x0, 0x0, 0x0,
    0x0, 0x0, 0x0, 0x3f, 0xff, 0xe0, 0x0, 0x0,
    0x0, 0x0, 0x0, 0x0, 0x3f, 0xff, 0xe0, 0x0,
    0x0, 0x0, 0x0, 0x0, 0x0, 0x3f, 0xff, 0xe0,
    0x0, 0x0, 0x0, 0x0, 0x0, 0x0, 0x3f, 0xff,
    0xe0, 0x0, 0x0, 0x0, 0x0, 0x0, 0x0, 0x3f,
    0xff, 0xfa, 0xaa, 0xaa, 0xaa, 0xaa, 0xaa, 0xa0,
    0x3f, 0xff, 0xff, 0xff, 0xff, 0xff, 0xff, 0xff,
    0xf0, 0x3f, 0xff, 0xff, 0xff, 0xff, 0xff, 0xff,
    0xff, 0xf0, 0x3f, 0xff, 0xff, 0xff, 0xff, 0xff,
    0xff, 0xff, 0xf0,

    /* U+004D "M" */
    0x9f, 0xff, 0xff, 0x20, 0x0, 0x0, 0x6f, 0xff,
    0xff, 0x69, 0xff, 0xff, 0xf7, 0x0, 0x0, 0xb,
    0xff, 0xff, 0xf6, 0x9f, 0xfd, 0xff, 0xb0, 0x0,
    0x0, 0xff, 0xde, 0xff, 0x69, 0xff, 0xbe, 0xff,
    0x0, 0x0, 0x4f, 0xf9, 0xff, 0xf6, 0x9f, 0xfd,
    0x9f, 0xf4, 0x0, 0x9, 0xff, 0x4f, 0xff, 0x69,
    0xff, 0xe5, 0xff, 0x90, 0x0, 0xdf, 0xf2, 0xff,
    0xf6, 0x9f, 0xff, 0xf, 0xfd, 0x0, 0x2f, 0xfa,
    0x2f, 0xff, 0x69, 0xff, 0xf0, 0xbf, 0xf2, 0x7,
    0xff, 0x53, 0xff, 0xf6, 0x9f, 0xff, 0x16, 0xff,
    0x60, 0xbf, 0xf1, 0x4f, 0xff, 0x69, 0xff, 0xf2,
    0x1f, 0xfb, 0xf, 0xfb, 0x5, 0xff, 0xf6, 0x9f,
    0xff, 0x30, 0xdf, 0xf5, 0xff, 0x70, 0x6f, 0xff,
    0x69, 0xff, 0xf3, 0x8, 0xff, 0xef, 0xf2, 0x6,
    0xff, 0xf6, 0x9f, 0xff, 0x30, 0x3f, 0xff, 0xfd,
    0x0, 0x6f, 0xff, 0x69, 0xff, 0xf3, 0x0, 0xef,
    0xff, 0x80, 0x7, 0xff, 0xf6, 0x9f, 0xff, 0x40,
    0x9, 0xff, 0xf3, 0x0, 0x7f, 0xff, 0x69, 0xff,
    0xf4, 0x0, 0x2, 0x22, 0x0, 0x7, 0xff, 0xf6,
    0x9f, 0xff, 0x40, 0x0, 0x0, 0x0, 0x0, 0x7f,
    0xff, 0x69, 0xff, 0xf4, 0x0, 0x0, 0x0, 0x0,
    0x7, 0xff, 0xf6, 0x9f, 0xff, 0x40, 0x0, 0x0,
    0x0, 0x0, 0x7f, 0xff, 0x69, 0xff, 0xf4, 0x0,
    0x0, 0x0, 0x0, 0x7, 0xff, 0xf6, 0x9f, 0xff,
    0x40, 0x0, 0x0, 0x0, 0x0, 0x7f, 0xff, 0x69,
    0xff, 0xf4, 0x0, 0x0, 0x0, 0x0, 0x7, 0xff,
    0xf6, 0x9f, 0xff, 0x40, 0x0, 0x0, 0x0, 0x0,
    0x7f, 0xff, 0x69, 0xff, 0xf4, 0x0, 0x0, 0x0,
    0x0, 0x7, 0xff, 0xf6, 0x9f, 0xff, 0x40, 0x0,
    0x0, 0x0, 0x0, 0x7f, 0xff, 0x69, 0xff, 0xf4,
    0x0, 0x0, 0x0, 0x0, 0x7, 0xff, 0xf6, 0x9f,
    0xff, 0x40, 0x0, 0x0, 0x0, 0x0, 0x7f, 0xff,
    0x60,

    /* U+004E "N" */
    0xef, 0xff, 0xf7, 0x0, 0x0, 0x0, 0x1f, 0xff,
    0xbe, 0xff, 0xff, 0xd0, 0x0, 0x0, 0x1, 0xff,
    0xfb, 0xef, 0xff, 0xff, 0x20, 0x0, 0x0, 0x1f,
    0xff, 0xbe, 0xff, 0xff, 0xf8, 0x0, 0x0, 0x1,
    0xff, 0xfb, 0xef, 0xff, 0xff, 0xe0, 0x0, 0x0,
    0x1f, 0xff, 0xbe, 0xff, 0xbf, 0xff, 0x40, 0x0,
    0x1, 0xff, 0xfb, 0xef, 0xfa, 0xcf, 0xf9, 0x0,
    0x0, 0x1f, 0xff, 0xbe, 0xff, 0xb7, 0xff, 0xf0,
    0x0, 0x1, 0xff, 0xfb, 0xef, 0xfc, 0x1f, 0xff,
    0x50, 0x0, 0x1f, 0xff, 0xbe, 0xff, 0xd0, 0xbf,
    0xfb, 0x0, 0x1, 0xff, 0xfb, 0xef, 0xfd, 0x5,
    0xff, 0xf1, 0x0, 0x1f, 0xff, 0xbe, 0xff, 0xe0,
    0xf, 0xff, 0x60, 0x1, 0xff, 0xfb, 0xef, 0xfe,
    0x0, 0xaf, 0xfc, 0x0, 0x1f, 0xff, 0xbe, 0xff,
    0xe0, 0x4, 0xff, 0xf2, 0x1, 0xff, 0xfb, 0xef,
    0xfe, 0x0, 0xe, 0xff, 0x70, 0x1f, 0xff, 0xbe,
    0xff, 0xe0, 0x0, 0x9f, 0xfd, 0x1, 0xff, 0xfb,
    0xef, 0xfe, 0x0, 0x3, 0xff, 0xf3, 0xf, 0xff,
    0xbe, 0xff, 0xe0, 0x0, 0xd, 0xff, 0x90, 0xff,
    0xfb, 0xef, 0xfe, 0x0, 0x0, 0x8f, 0xfe, 0xf,
    0xff, 0xbe, 0xff, 0xe0, 0x0, 0x2, 0xff, 0xf4,
    0xef, 0xfb, 0xef, 0xfe, 0x0, 0x0, 0xc, 0xff,
    0xad, 0xff, 0xbe, 0xff, 0xe0, 0x0, 0x0, 0x6f,
    0xff, 0xcf, 0xfb, 0xef, 0xfe, 0x0, 0x0, 0x1,
    0xff, 0xff, 0xff, 0xbe, 0xff, 0xe0, 0x0, 0x0,
    0xb, 0xff, 0xff, 0xfb, 0xef, 0xfe, 0x0, 0x0,
    0x0, 0x5f, 0xff, 0xff, 0xbe, 0xff, 0xe0, 0x0,
    0x0, 0x0, 0xff, 0xff, 0xfb, 0xef, 0xfe, 0x0,
    0x0, 0x0, 0xa, 0xff, 0xff, 0xb0,

    /* U+004F "O" */
    0x0, 0x0, 0x49, 0xde, 0xfe, 0xc8, 0x20, 0x0,
    0x0, 0x1, 0xcf, 0xff, 0xff, 0xff, 0xff, 0xa0,
    0x0, 0x2, 0xef, 0xff, 0xff, 0xff, 0xff, 0xff,
    0xc0, 0x0, 0xcf, 0xff, 0xfe, 0xa9, 0xbf, 0xff,
    0xff, 0x90, 0x4f, 0xff, 0xf7, 0x0, 0x0, 0xa,
    0xff, 0xff, 0x2a, 0xff, 0xfa, 0x0, 0x0, 0x0,
    0xd, 0xff, 0xf6, 0xdf, 0xff, 0x40, 0x0, 0x0,
    0x0, 0x7f, 0xff, 0xae, 0xff, 0xf2, 0x0, 0x0,
    0x0, 0x5, 0xff, 0xfb, 0xff, 0xff, 0x20, 0x0,
    0x0, 0x0, 0x5f, 0xff, 0xcf, 0xff, 0xf2, 0x0,
    0x0, 0x0, 0x5, 0xff, 0xfc, 0xff, 0xff, 0x20,
    0x0, 0x0, 0x0, 0x5f, 0xff, 0xcf, 0xff, 0xf2,
    0x0, 0x0, 0x0, 0x5, 0xff, 0xfc, 0xff, 0xff,
    0x20, 0x0, 0x0, 0x0, 0x5f, 0xff, 0xcf, 0xff,
    0xf2, 0x0, 0x0, 0x0, 0x5, 0xff, 0xfc, 0xff,
    0xff, 0x20, 0x0, 0x0, 0x0, 0x5f, 0xff, 0xcf,
    0xff, 0xf2, 0x0, 0x0, 0x0, 0x5, 0xff, 0xfc,
    0xff, 0xff, 0x20, 0x0, 0x0, 0x0, 0x5f, 0xff,
    0xcf, 0xff, 0xf2, 0x0, 0x0, 0x0, 0x5, 0xff,
    0xfc, 0xff, 0xff, 0x20, 0x0, 0x0, 0x0, 0x5f,
    0xff, 0xce, 0xff, 0xf2, 0x0, 0x0, 0x0, 0x5,
    0xff, 0xfb, 0xdf, 0xff, 0x40, 0x0, 0x0, 0x0,
    0x7f, 0xff, 0xaa, 0xff, 0xfa, 0x0, 0x0, 0x0,
    0xd, 0xff, 0xf6, 0x4f, 0xff, 0xf7, 0x0, 0x0,
    0xa, 0xff, 0xff, 0x20, 0xcf, 0xff, 0xfe, 0xa9,
    0xbf, 0xff, 0xff, 0x90, 0x2, 0xef, 0xff, 0xff,
    0xff, 0xff, 0xff, 0xc0, 0x0, 0x1, 0xcf, 0xff,
    0xff, 0xff, 0xff, 0xa0, 0x0, 0x0, 0x0, 0x49,
    0xdf, 0xfe, 0xc8, 0x20, 0x0, 0x0,

    /* U+0050 "P" */
    0xdf, 0xff, 0xff, 0xff, 0xff, 0xec, 0x82, 0x0,
    0x0, 0xd, 0xff, 0xff, 0xff, 0xff, 0xff, 0xff,
    0xfa, 0x10, 0x0, 0xdf, 0xff, 0xff, 0xff, 0xff,
    0xff, 0xff, 0xfe, 0x10, 0xd, 0xff, 0xfb, 0x99,
    0x99, 0x9b, 0xff, 0xff, 0xfc, 0x0, 0xdf, 0xff,
    0x40, 0x0, 0x0, 0x1, 0xaf, 0xff, 0xf6, 0xd,
    0xff, 0xf4, 0x0, 0x0, 0x0, 0x0, 0xcf, 0xff,
    0xc0, 0xdf, 0xff, 0x40, 0x0, 0x0, 0x0, 0x4,
    0xff, 0xff, 0xd, 0xff, 0xf4, 0x0, 0x0, 0x0,
    0x0, 0x1f, 0xff, 0xf1, 0xdf, 0xff, 0x40, 0x0,
    0x0, 0x0, 0x1, 0xff, 0xff, 0x1d, 0xff, 0xf4,
    0x0, 0x0, 0x0, 0x0, 0x4f, 0xff, 0xf0, 0xdf,
    0xff, 0x40, 0x0, 0x0, 0x0, 0xc, 0xff, 0xfc,
    0xd, 0xff, 0xf4, 0x0, 0x0, 0x0, 0x1a, 0xff,
    0xff, 0x60, 0xdf, 0xff, 0xb9, 0x99, 0x99, 0xbf,
    0xff, 0xff, 0xc0, 0xd, 0xff, 0xff, 0xff, 0xff,
    0xff, 0xff, 0xff, 0xd1, 0x0, 0xdf, 0xff, 0xff,
    0xff, 0xff, 0xff, 0xff, 0xa1, 0x0, 0xd, 0xff,
    0xff, 0xff, 0xff, 0xfe, 0xc8, 0x20, 0x0, 0x0,
    0xdf, 0xff, 0x40, 0x0, 0x0, 0x0, 0x0, 0x0,
    0x0, 0xd, 0xff, 0xf4, 0x0, 0x0, 0x0, 0x0,
    0x0, 0x0, 0x0, 0xdf, 0xff, 0x40, 0x0, 0x0,
    0x0, 0x0, 0x0, 0x0, 0xd, 0xff, 0xf4, 0x0,
    0x0, 0x0, 0x0, 0x0, 0x0, 0x0, 0xdf, 0xff,
    0x40, 0x0, 0x0, 0x0, 0x0, 0x0, 0x0, 0xd,
    0xff, 0xf4, 0x0, 0x0, 0x0, 0x0, 0x0, 0x0,
    0x0, 0xdf, 0xff, 0x40, 0x0, 0x0, 0x0, 0x0,
    0x0, 0x0, 0xd, 0xff, 0xf4, 0x0, 0x0, 0x0,
    0x0, 0x0, 0x0, 0x0, 0xdf, 0xff, 0x40, 0x0,
    0x0, 0x0, 0x0, 0x0, 0x0, 0xd, 0xff, 0xf4,
    0x0, 0x0, 0x0, 0x0, 0x0, 0x0, 0x0, 0xdf,
    0xff, 0x40, 0x0, 0x0, 0x0, 0x0, 0x0, 0x0,
    0x0,

    /* U+0051 "Q" */
    0x0, 0x0, 0x4, 0x9d, 0xef, 0xec, 0x82, 0x0,
    0x0, 0x0, 0x0, 0x2d, 0xff, 0xff, 0xff, 0xff,
    0xfa, 0x10, 0x0, 0x0, 0x3f, 0xff, 0xff, 0xff,
    0xff, 0xff, 0xfd, 0x10, 0x0, 0x1e, 0xff, 0xff,
    0xea, 0x9a, 0xef, 0xff, 0xfb, 0x0, 0x8, 0xff,
    0xff, 0x60, 0x0, 0x0, 0x9f, 0xff, 0xf5, 0x0,
    0xdf, 0xff, 0x80, 0x0, 0x0, 0x0, 0xbf, 0xff,
    0xa0, 0x1f, 0xff, 0xf1, 0x0, 0x0, 0x0, 0x4,
    0xff, 0xfe, 0x2, 0xff, 0xff, 0x0, 0x0, 0x0,
    0x0, 0x2f, 0xff, 0xf0, 0x3f, 0xff, 0xe0, 0x0,
    0x0, 0x0, 0x1, 0xff, 0xff, 0x3, 0xff, 0xfe,
    0x0, 0x0, 0x0, 0x0, 0x1f, 0xff, 0xf0, 0x3f,
    0xff, 0xe0, 0x0, 0x0, 0x0, 0x1, 0xff, 0xff,
    0x3, 0xff, 0xfe, 0x0, 0x0, 0x0, 0x0, 0x1f,
    0xff, 0xf0, 0x3f, 0xff, 0xe0, 0x0, 0x0, 0x0,
    0x1, 0xff, 0xff, 0x3, 0xff, 0xfe, 0x0, 0x0,
    0x0, 0x0, 0x1f, 0xff, 0xf0, 0x3f, 0xff, 0xe0,
    0x0, 0x0, 0x0, 0x1, 0xff, 0xff, 0x3, 0xff,
    0xfe, 0x0, 0x0, 0x0, 0x0, 0x1f, 0xff, 0xf0,
    0x3f, 0xff, 0xe0, 0x0, 0x0, 0x0, 0x1, 0xff,
    0xff, 0x3, 0xff, 0xfe, 0x0, 0x0, 0x0, 0x0,
    0x1f, 0xff, 0xf0, 0x3f, 0xff, 0xe0, 0x0, 0x0,
    0x0, 0x1, 0xff, 0xff, 0x2, 0xff, 0xff, 0x0,
    0x0, 0x0, 0x0, 0x2f, 0xff, 0xf0, 0x1f, 0xff,
    0xf1, 0x0, 0x0, 0x0, 0x4, 0xff, 0xfd, 0x0,
    0xef, 0xff, 0x80, 0x0, 0x0, 0x0, 0xbf, 0xff,
    0xa0, 0x8, 0xff, 0xff, 0x70, 0x0, 0x0, 0x9f,
    0xff, 0xf4, 0x0, 0x1e, 0xff, 0xff, 0xea, 0x9a,
    0xef, 0xff, 0xfb, 0x0, 0x0, 0x3f, 0xff, 0xff,
    0xff, 0xff, 0xff, 0xfd, 0x10, 0x0, 0x0, 0x2c,
    0xff, 0xff, 0xff, 0xff, 0xf9, 0x10, 0x0, 0x0,
    0x0, 0x4, 0x9d, 0xef, 0xff, 0xff, 0x10, 0x0,
    0x0, 0x0, 0x0, 0x0, 0x0, 0xd, 0xff, 0xfa,
    0x0, 0x0, 0x0, 0x0, 0x0, 0x0, 0x0, 0x4f,
    0xff, 0xf3, 0x0, 0x0, 0x0, 0x0, 0x0, 0x0,
    0x0, 0xbf, 0xff, 0xc0, 0x0, 0x0, 0x0, 0x0,
    0x0, 0x0, 0x3, 0xff, 0xff, 0x50, 0x0, 0x0,
    0x0, 0x0, 0x0, 0x0, 0xa, 0xff, 0xfd, 0x0,
    0x0, 0x0, 0x0, 0x0, 0x0, 0x0, 0x1f, 0xff,
    0xf7, 0x0, 0x0, 0x0, 0x0, 0x0, 0x0, 0x0,
    0x8f, 0xff, 0xf1,

    /* U+0052 "R" */
    0xcf, 0xff, 0xff, 0xff, 0xff, 0xda, 0x50, 0x0,
    0x0, 0xcf, 0xff, 0xff, 0xff, 0xff, 0xff, 0xfe,
    0x50, 0x0, 0xcf, 0xff, 0xff, 0xff, 0xff, 0xff,
    0xff, 0xf7, 0x0, 0xcf, 0xff, 0xb9, 0x99, 0x9a,
    0xdf, 0xff, 0xff, 0x50, 0xcf, 0xff, 0x40, 0x0,
    0x0, 0x4, 0xef, 0xff, 0xe0, 0xcf, 0xff, 0x40,
    0x0, 0x0, 0x0, 0x4f, 0xff, 0xf4, 0xcf, 0xff,
    0x40, 0x0, 0x0, 0x0, 0xd, 0xff, 0xf7, 0xcf,
    0xff, 0x40, 0x0, 0x0, 0x0, 0xa, 0xff, 0xf8,
    0xcf, 0xff, 0x40, 0x0, 0x0, 0x0, 0xb, 0xff,
    0xf8, 0xcf, 0xff, 0x40, 0x0, 0x0, 0x0, 0xe,
    0xff, 0xf5, 0xcf, 0xff, 0x40, 0x0, 0x0, 0x0,
    0x8f, 0xff, 0xf1, 0xcf, 0xff, 0x40, 0x0, 0x0,
    0x3a, 0xff, 0xff, 0xa0, 0xcf, 0xff, 0xff, 0xff,
    0xff, 0xff, 0xff, 0xfe, 0x10, 0xcf, 0xff, 0xff,
    0xff, 0xff, 0xff, 0xff, 0xe3, 0x0, 0xcf, 0xff,
    0xff, 0xff, 0xff, 0xff, 0xf9, 0x10, 0x0, 0xcf,
    0xff, 0xb9, 0x99, 0xdf, 0xff, 0x90, 0x0, 0x0,
    0xcf, 0xff, 0x40, 0x0, 0x4f, 0xff, 0xf1, 0x0,
    0x0, 0xcf, 0xff, 0x40, 0x0, 0xd, 0xff, 0xf8,
    0x0, 0x0, 0xcf, 0xff, 0x40, 0x0, 0x6, 0xff,
    0xfe, 0x0, 0x0, 0xcf, 0xff, 0x40, 0x0, 0x0,
    0xef, 0xff, 0x70, 0x0, 0xcf, 0xff, 0x40, 0x0,
    0x0, 0x7f, 0xff, 0xe0, 0x0, 0xcf, 0xff, 0x40,
    0x0, 0x0, 0x1f, 0xff, 0xf5, 0x0, 0xcf, 0xff,
    0x40, 0x0, 0x0, 0x9, 0xff, 0xfd, 0x0, 0xcf,
    0xff, 0x40, 0x0, 0x0, 0x2, 0xff, 0xff, 0x40,
    0xcf, 0xff, 0x40, 0x0, 0x0, 0x0, 0xaf, 0xff,
    0xc0, 0xcf, 0xff, 0x40, 0x0, 0x0, 0x0, 0x3f,
    0xff, 0xf3, 0xcf, 0xff, 0x40, 0x0, 0x0, 0x0,
    0xc, 0xff, 0xfb,

    /* U+0053 "S" */
    0x0, 0x0, 0x4, 0x9d, 0xef, 0xec, 0x71, 0x0,
    0x0, 0x0, 0x0, 0x2c, 0xff, 0xff, 0xff, 0xff,
    0xf8, 0x0, 0x0, 0x0, 0x3f, 0xff, 0xff, 0xff,
    0xff, 0xff, 0xfb, 0x0, 0x0, 0xe, 0xff, 0xff,
    0xd9, 0x8a, 0xff, 0xff, 0xf8, 0x0, 0x6, 0xff,
    0xff, 0x50, 0x0, 0x1, 0xaf, 0xff, 0xf1, 0x0,
    0xbf, 0xff, 0x70, 0x0, 0x0, 0x0, 0xdf, 0xff,
    0x60, 0xd, 0xff, 0xf2, 0x0, 0x0, 0x0, 0x8,
    0xff, 0xf8, 0x0, 0xef, 0xff, 0x10, 0x0, 0x0,
    0x0, 0x13, 0x33, 0x20, 0xc, 0xff, 0xf5, 0x0,
    0x0, 0x0, 0x0, 0x0, 0x0, 0x0, 0x8f, 0xff,
    0xd1, 0x0, 0x0, 0x0, 0x0, 0x0, 0x0, 0x1,
    0xff, 0xff, 0xe8, 0x30, 0x0, 0x0, 0x0, 0x0,
    0x0, 0x6, 0xff, 0xff, 0xff, 0xeb, 0x72, 0x0,
    0x0, 0x0, 0x0, 0x7, 0xff, 0xff, 0xff, 0xff,
    0xfd, 0x50, 0x0, 0x0, 0x0, 0x3, 0xbf, 0xff,
    0xff, 0xff, 0xff, 0xa0, 0x0, 0x0, 0x0, 0x0,
    0x16, 0xae, 0xff, 0xff, 0xff, 0xa0, 0x0, 0x0,
    0x0, 0x0, 0x0, 0x2, 0x7d, 0xff, 0xff, 0x50,
    0x0, 0x0, 0x0, 0x0, 0x0, 0x0, 0xb, 0xff,
    0xfd, 0x0, 0x0, 0x0, 0x0, 0x0, 0x0, 0x0,
    0x1f, 0xff, 0xf2, 0x0, 0x0, 0x0, 0x0, 0x0,
    0x0, 0x0, 0xcf, 0xff, 0x45, 0xcc, 0xc6, 0x0,
    0x0, 0x0, 0x0, 0xb, 0xff, 0xf5, 0x6f, 0xff,
    0xa0, 0x0, 0x0, 0x0, 0x0, 0xdf, 0xff, 0x43,
    0xff, 0xff, 0x20, 0x0, 0x0, 0x0, 0x4f, 0xff,
    0xf1, 0xd, 0xff, 0xfe, 0x40, 0x0, 0x0, 0x5f,
    0xff, 0xfb, 0x0, 0x4f, 0xff, 0xff, 0xda, 0x9a,
    0xdf, 0xff, 0xff, 0x30, 0x0, 0x7f, 0xff, 0xff,
    0xff, 0xff, 0xff, 0xff, 0x50, 0x0, 0x0, 0x4e,
    0xff, 0xff, 0xff, 0xff, 0xfd, 0x30, 0x0, 0x0,
    0x0, 0x5, 0xad, 0xef, 0xed, 0x94, 0x0, 0x0,
    0x0,

    /* U+0054 "T" */
    0x1f, 0xff, 0xff, 0xff, 0xff, 0xff, 0xff, 0xff,
    0xff, 0xfe, 0x1f, 0xff, 0xff, 0xff, 0xff, 0xff,
    0xff, 0xff, 0xff, 0xfe, 0x1f, 0xff, 0xff, 0xff,
    0xff, 0xff, 0xff, 0xff, 0xff, 0xfe, 0xa, 0xaa,
    0xaa, 0xaa, 0xef, 0xff, 0xda, 0xaa, 0xaa, 0xa9,
    0x0, 0x0, 0x0, 0x0, 0xaf, 0xff, 0x70, 0x0,
    0x0, 0x0, 0x0, 0x0, 0x0, 0x0, 0xaf, 0xff,
    0x70, 0x0, 0x0, 0x0, 0x0, 0x0, 0x0, 0x0,
    0xaf, 0xff, 0x70, 0x0, 0x0, 0x0, 0x0, 0x0,
    0x0, 0x0, 0xaf, 0xff, 0x70, 0x0, 0x0, 0x0,
    0x0, 0x0, 0x0, 0x0, 0xaf, 0xff, 0x70, 0x0,
    0x0, 0x0, 0x0, 0x0, 0x0, 0x0, 0xaf, 0xff,
    0x70, 0x0, 0x0, 0x0, 0x0, 0x0, 0x0, 0x0,
    0xaf, 0xff, 0x70, 0x0, 0x0, 0x0, 0x0, 0x0,
    0x0, 0x0, 0xaf, 0xff, 0x70, 0x0, 0x0, 0x0,
    0x0, 0x0, 0x0, 0x0, 0xaf, 0xff, 0x70, 0x0,
    0x0, 0x0, 0x0, 0x0, 0x0, 0x0, 0xaf, 0xff,
    0x70, 0x0, 0x0, 0x0, 0x0, 0x0, 0x0, 0x0,
    0xaf, 0xff, 0x70, 0x0, 0x0, 0x0, 0x0, 0x0,
    0x0, 0x0, 0xaf, 0xff, 0x70, 0x0, 0x0, 0x0,
    0x0, 0x0, 0x0, 0x0, 0xaf, 0xff, 0x70, 0x0,
    0x0, 0x0, 0x0, 0x0, 0x0, 0x0, 0xaf, 0xff,
    0x70, 0x0, 0x0, 0x0, 0x0, 0x0, 0x0, 0x0,
    0xaf, 0xff, 0x70, 0x0, 0x0, 0x0, 0x0, 0x0,
    0x0, 0x0, 0xaf, 0xff, 0x70, 0x0, 0x0, 0x0,
    0x0, 0x0, 0x0, 0x0, 0xaf, 0xff, 0x70, 0x0,
    0x0, 0x0, 0x0, 0x0, 0x0, 0x0, 0xaf, 0xff,
    0x70, 0x0, 0x0, 0x0, 0x0, 0x0, 0x0, 0x0,
    0xaf, 0xff, 0x70, 0x0, 0x0, 0x0, 0x0, 0x0,
    0x0, 0x0, 0xaf, 0xff, 0x70, 0x0, 0x0, 0x0,
    0x0, 0x0, 0x0, 0x0, 0xaf, 0xff, 0x70, 0x0,
    0x0, 0x0, 0x0, 0x0, 0x0, 0x0, 0xaf, 0xff,
    0x70, 0x0, 0x0, 0x0, 0x0, 0x0, 0x0, 0x0,
    0xaf, 0xff, 0x70, 0x0, 0x0, 0x0,

    /* U+0055 "U" */
    0xef, 0xff, 0x30, 0x0, 0x0, 0x0, 0x6f, 0xff,
    0xbe, 0xff, 0xf3, 0x0, 0x0, 0x0, 0x6, 0xff,
    0xfb, 0xef, 0xff, 0x30, 0x0, 0x0, 0x0, 0x6f,
    0xff, 0xbe, 0xff, 0xf3, 0x0, 0x0, 0x0, 0x6,
    0xff, 0xfb, 0xef, 0xff, 0x30, 0x0, 0x0, 0x0,
    0x6f, 0xff, 0xbe, 0xff, 0xf3, 0x0, 0x0, 0x0,
    0x6, 0xff, 0xfb, 0xef, 0xff, 0x30, 0x0, 0x0,
    0x0, 0x6f, 0xff, 0xbe, 0xff, 0xf3, 0x0, 0x0,
    0x0, 0x6, 0xff, 0xfb, 0xef, 0xff, 0x30, 0x0,
    0x0, 0x0, 0x6f, 0xff, 0xbe, 0xff, 0xf3, 0x0,
    0x0, 0x0, 0x6, 0xff, 0xfb, 0xef, 0xff, 0x30,
    0x0, 0x0, 0x0, 0x6f, 0xff, 0xbe, 0xff, 0xf3,
    0x0, 0x0, 0x0, 0x6, 0xff, 0xfb, 0xef, 0xff,
    0x30, 0x0, 0x0, 0x0, 0x6f, 0xff, 0xbe, 0xff,
    0xf3, 0x0, 0x0, 0x0, 0x6, 0xff, 0xfb, 0xef,
    0xff, 0x30, 0x0, 0x0, 0x0, 0x6f, 0xff, 0xbe,
    0xff, 0xf3, 0x0, 0x0, 0x0, 0x6, 0xff, 0xfb,
    0xef, 0xff, 0x30, 0x0, 0x0, 0x0, 0x6f, 0xff,
    0xbe, 0xff, 0xf3, 0x0, 0x0, 0x0, 0x6, 0xff,
    0xfb, 0xef, 0xff, 0x30, 0x0, 0x0, 0x0, 0x6f,
    0xff, 0xbe, 0xff, 0xf3, 0x0, 0x0, 0x0, 0x6,
    0xff, 0xfb, 0xdf, 0xff, 0x50, 0x0, 0x0, 0x0,
    0x8f, 0xff, 0x9a, 0xff, 0xfb, 0x0, 0x0, 0x0,
    0xe, 0xff, 0xf6, 0x5f, 0xff, 0xf8, 0x0, 0x0,
    0xb, 0xff, 0xff, 0x20, 0xdf, 0xff, 0xfe, 0xa9,
    0xae, 0xff, 0xff, 0xa0, 0x2, 0xff, 0xff, 0xff,
    0xff, 0xff, 0xff, 0xd0, 0x0, 0x2, 0xdf, 0xff,
    0xff, 0xff, 0xff, 0xb1, 0x0, 0x0, 0x0, 0x4a,
    0xdf, 0xfe, 0xd9, 0x30, 0x0, 0x0,

    /* U+0056 "V" */
    0x3f, 0xff, 0xe0, 0x0, 0x0, 0x0, 0x0, 0x2,
    0xff, 0xff, 0x10, 0xff, 0xff, 0x20, 0x0, 0x0,
    0x0, 0x0, 0x6f, 0xff, 0xc0, 0xb, 0xff, 0xf6,
    0x0, 0x0, 0x0, 0x0, 0x9, 0xff, 0xf8, 0x0,
    0x7f, 0xff, 0xa0, 0x0, 0x0, 0x0, 0x0, 0xdf,
    0xff, 0x40, 0x3, 0xff, 0xfe, 0x0, 0x0, 0x0,
    0x0, 0x1f, 0xff, 0xf0, 0x0, 0xe, 0xff, 0xf2,
    0x0, 0x0, 0x0, 0x5, 0xff, 0xfc, 0x0, 0x0,
    0xaf, 0xff, 0x60, 0x0, 0x0, 0x0, 0x9f, 0xff,
    0x80, 0x0, 0x6, 0xff, 0xfa, 0x0, 0x0, 0x0,
    0xd, 0xff, 0xf3, 0x0, 0x0, 0x2f, 0xff, 0xe0,
    0x0, 0x0, 0x0, 0xff, 0xff, 0x0, 0x0, 0x0,
    0xef, 0xff, 0x20, 0x0, 0x0, 0x4f, 0xff, 0xb0,
    0x0, 0x0, 0xa, 0xff, 0xf6, 0x0, 0x0, 0x8,
    0xff, 0xf7, 0x0, 0x0, 0x0, 0x5f, 0xff, 0xa0,
    0x0, 0x0, 0xcf, 0xff, 0x30, 0x0, 0x0, 0x1,
    0xff, 0xfe, 0x0, 0x0, 0xf, 0xff, 0xe0, 0x0,
    0x0, 0x0, 0xd, 0xff, 0xf2, 0x0, 0x4, 0xff,
    0xfa, 0x0, 0x0, 0x0, 0x0, 0x9f, 0xff, 0x60,
    0x0, 0x7f, 0xff, 0x60, 0x0, 0x0, 0x0, 0x5,
    0xff, 0xfa, 0x0, 0xb, 0xff, 0xf2, 0x0, 0x0,
    0x0, 0x0, 0x1f, 0xff, 0xe0, 0x0, 0xff, 0xfe,
    0x0, 0x0, 0x0, 0x0, 0x0, 0xdf, 0xff, 0x20,
    0x3f, 0xff, 0x90, 0x0, 0x0, 0x0, 0x0, 0x8,
    0xff, 0xf6, 0x7, 0xff, 0xf5, 0x0, 0x0, 0x0,
    0x0, 0x0, 0x4f, 0xff, 0xa0, 0xaf, 0xff, 0x10,
    0x0, 0x0, 0x0, 0x0, 0x0, 0xff, 0xfd, 0xe,
    0xff, 0xd0, 0x0, 0x0, 0x0, 0x0, 0x0, 0xc,
    0xff, 0xf3, 0xff, 0xf9, 0x0, 0x0, 0x0, 0x0,
    0x0, 0x0, 0x8f, 0xff, 0x9f, 0xff, 0x50, 0x0,
    0x0, 0x0, 0x0, 0x0, 0x4, 0xff, 0xff, 0xff,
    0xf1, 0x0, 0x0, 0x0, 0x0, 0x0, 0x0, 0xf,
    0xff, 0xff, 0xfc, 0x0, 0x0, 0x0, 0x0, 0x0,
    0x0, 0x0, 0xbf, 0xff, 0xff, 0x80, 0x0, 0x0,
    0x0, 0x0, 0x0, 0x0, 0x7, 0xff, 0xff, 0xf4,
    0x0, 0x0, 0x0, 0x0,

    /* U+0057 "W" */
    0x4f, 0xff, 0x40, 0x0, 0x8, 0xff, 0xf7, 0x0,
    0x0, 0x5f, 0xff, 0x13, 0xff, 0xf5, 0x0, 0x0,
    0xaf, 0xff, 0x90, 0x0, 0x7, 0xff, 0xf0, 0x1f,
    0xff, 0x70, 0x0, 0xc, 0xff, 0xfb, 0x0, 0x0,
    0x8f, 0xfd, 0x0, 0xff, 0xf9, 0x0, 0x0, 0xef,
    0xdf, 0xd0, 0x0, 0xa, 0xff, 0xb0, 0xd, 0xff,
    0xa0, 0x0, 0x1f, 0xfb, 0xff, 0x0, 0x0, 0xcf,
    0xf9, 0x0, 0xbf, 0xfc, 0x0, 0x3, 0xff, 0x8f,
    0xf1, 0x0, 0xd, 0xff, 0x80, 0x9, 0xff, 0xd0,
    0x0, 0x5f, 0xf5, 0xff, 0x30, 0x0, 0xff, 0xf6,
    0x0, 0x8f, 0xff, 0x0, 0x7, 0xff, 0x2f, 0xf5,
    0x0, 0x1f, 0xff, 0x40, 0x6, 0xff, 0xf1, 0x0,
    0x9f, 0xd0, 0xff, 0x70, 0x2, 0xff, 0xf2, 0x0,
    0x4f, 0xff, 0x20, 0xb, 0xfb, 0xe, 0xf9, 0x0,
    0x4f, 0xff, 0x0, 0x2, 0xff, 0xf4, 0x0, 0xdf,
    0x90, 0xcf, 0xb0, 0x6, 0xff, 0xe0, 0x0, 0xf,
    0xff, 0x50, 0xf, 0xf7, 0xa, 0xfd, 0x0, 0x7f,
    0xfc, 0x0, 0x0, 0xef, 0xf7, 0x2, 0xff, 0x50,
    0x8f, 0xf0, 0x9, 0xff, 0xa0, 0x0, 0xd, 0xff,
    0x90, 0x4f, 0xf3, 0x6, 0xff, 0x10, 0xaf, 0xf8,
    0x0, 0x0, 0xbf, 0xfa, 0x6, 0xff, 0x10, 0x4f,
    0xf3, 0xc, 0xff, 0x70, 0x0, 0x9, 0xff, 0xc0,
    0x8f, 0xf0, 0x2, 0xff, 0x50, 0xef, 0xf5, 0x0,
    0x0, 0x7f, 0xfd, 0xa, 0xfd, 0x0, 0x1f, 0xf7,
    0xf, 0xff, 0x30, 0x0, 0x5, 0xff, 0xf0, 0xcf,
    0xb0, 0x0, 0xff, 0x91, 0xff, 0xf1, 0x0, 0x0,
    0x4f, 0xff, 0x1e, 0xf9, 0x0, 0xd, 0xfb, 0x3f,
    0xff, 0x0, 0x0, 0x2, 0xff, 0xf3, 0xff, 0x70,
    0x0, 0xbf, 0xd4, 0xff, 0xd0, 0x0, 0x0, 0xf,
    0xff, 0x6f, 0xf5, 0x0, 0x9, 0xfe, 0x6f, 0xfb,
    0x0, 0x0, 0x0, 0xef, 0xf9, 0xff, 0x30, 0x0,
    0x7f, 0xf8, 0xff, 0x90, 0x0, 0x0, 0xc, 0xff,
    0xbf, 0xf1, 0x0, 0x5, 0xff, 0xbf, 0xf7, 0x0,
    0x0, 0x0, 0xaf, 0xfe, 0xff, 0x0, 0x0, 0x3f,
    0xfe, 0xff, 0x60, 0x0, 0x0, 0x9, 0xff, 0xff,
    0xd0, 0x0, 0x2, 0xff, 0xff, 0xf4, 0x0, 0x0,
    0x0, 0x7f, 0xff, 0xfb, 0x0, 0x0, 0xf, 0xff,
    0xff, 0x20, 0x0, 0x0, 0x5, 0xff, 0xff, 0x90,
    0x0, 0x0, 0xef, 0xff, 0xf0, 0x0, 0x0,

    /* U+0058 "X" */
    0xe, 0xff, 0xfa, 0x0, 0x0, 0x0, 0x0, 0xa,
    0xff, 0xfc, 0x0, 0x6f, 0xff, 0xf2, 0x0, 0x0,
    0x0, 0x3, 0xff, 0xff, 0x30, 0x0, 0xdf, 0xff,
    0xb0, 0x0, 0x0, 0x0, 0xbf, 0xff, 0xa0, 0x0,
    0x4, 0xff, 0xff, 0x30, 0x0, 0x0, 0x4f, 0xff,
    0xf1, 0x0, 0x0, 0xb, 0xff, 0xfc, 0x0, 0x0,
    0xc, 0xff, 0xf8, 0x0, 0x0, 0x0, 0x3f, 0xff,
    0xf4, 0x0, 0x5, 0xff, 0xfe, 0x0, 0x0, 0x0,
    0x0, 0xaf, 0xff, 0xc0, 0x0, 0xdf, 0xff, 0x60,
    0x0, 0x0, 0x0, 0x1, 0xff, 0xff, 0x50, 0x6f,
    0xff, 0xd0, 0x0, 0x0, 0x0, 0x0, 0x8, 0xff,
    0xfc, 0xe, 0xff, 0xf4, 0x0, 0x0, 0x0, 0x0,
    0x0, 0xe, 0xff, 0xfa, 0xff, 0xfb, 0x0, 0x0,
    0x0, 0x0, 0x0, 0x0, 0x6f, 0xff, 0xff, 0xff,
    0x20, 0x0, 0x0, 0x0, 0x0, 0x0, 0x0, 0xdf,
    0xff, 0xff, 0x90, 0x0, 0x0, 0x0, 0x0, 0x0,
    0x0, 0x4, 0xff, 0xff, 0xf1, 0x0, 0x0, 0x0,
    0x0, 0x0, 0x0, 0x0, 0x1f, 0xff, 0xfe, 0x0,
    0x0, 0x0, 0x0, 0x0, 0x0, 0x0, 0x9, 0xff,
    0xff, 0xf7, 0x0, 0x0, 0x0, 0x0, 0x0, 0x0,
    0x2, 0xff, 0xff, 0xff, 0xf1, 0x0, 0x0, 0x0,
    0x0, 0x0, 0x0, 0xbf, 0xff, 0xdf, 0xff, 0x90,
    0x0, 0x0, 0x0, 0x0, 0x0, 0x4f, 0xff, 0xd3,
    0xff, 0xff, 0x20, 0x0, 0x0, 0x0, 0x0, 0xd,
    0xff, 0xf5, 0xa, 0xff, 0xfb, 0x0, 0x0, 0x0,
    0x0, 0x7, 0xff, 0xfd, 0x0, 0x2f, 0xff, 0xf4,
    0x0, 0x0, 0x0, 0x1, 0xef, 0xff, 0x40, 0x0,
    0xaf, 0xff, 0xd0, 0x0, 0x0, 0x0, 0x9f, 0xff,
    0xc0, 0x0, 0x1, 0xff, 0xff, 0x60, 0x0, 0x0,
    0x2f, 0xff, 0xf3, 0x0, 0x0, 0x8, 0xff, 0xfe,
    0x0, 0x0, 0xb, 0xff, 0xfa, 0x0, 0x0, 0x0,
    0x1f, 0xff, 0xf8, 0x0, 0x4, 0xff, 0xff, 0x20,
    0x0, 0x0, 0x0, 0x7f, 0xff, 0xf2, 0x0, 0xdf,
    0xff, 0x90, 0x0, 0x0, 0x0, 0x0, 0xef, 0xff,
    0xa0, 0x6f, 0xff, 0xf1, 0x0, 0x0, 0x0, 0x0,
    0x6, 0xff, 0xff, 0x30,

    /* U+0059 "Y" */
    0xaf, 0xff, 0xa0, 0x0, 0x0, 0x0, 0x0, 0x0,
    0xcf, 0xff, 0x72, 0xff, 0xff, 0x20, 0x0, 0x0,
    0x0, 0x0, 0x4f, 0xff, 0xe0, 0xa, 0xff, 0xf9,
    0x0, 0x0, 0x0, 0x0, 0xb, 0xff, 0xf7, 0x0,
    0x3f, 0xff, 0xf1, 0x0, 0x0, 0x0, 0x3, 0xff,
    0xff, 0x10, 0x0, 0xbf, 0xff, 0x90, 0x0, 0x0,
    0x0, 0xaf, 0xff, 0x80, 0x0, 0x3, 0xff, 0xff,
    0x10, 0x0, 0x0, 0x2f, 0xff, 0xf1, 0x0, 0x0,
    0xc, 0xff, 0xf8, 0x0, 0x0, 0x9, 0xff, 0xf8,
    0x0, 0x0, 0x0, 0x4f, 0xff, 0xe0, 0x0, 0x1,
    0xff, 0xff, 0x10, 0x0, 0x0, 0x0, 0xcf, 0xff,
    0x70, 0x0, 0x8f, 0xff, 0x90, 0x0, 0x0, 0x0,
    0x4, 0xff, 0xfe, 0x0, 0x1f, 0xff, 0xf1, 0x0,
    0x0, 0x0, 0x0, 0xd, 0xff, 0xf6, 0x7, 0xff,
    0xf9, 0x0, 0x0, 0x0, 0x0, 0x0, 0x5f, 0xff,
    0xc0, 0xdf, 0xff, 0x20, 0x0, 0x0, 0x0, 0x0,
    0x0, 0xdf, 0xff, 0x6f, 0xff, 0xa0, 0x0, 0x0,
    0x0, 0x0, 0x0, 0x5, 0xff, 0xff, 0xff, 0xf2,
    0x0, 0x0, 0x0, 0x0, 0x0, 0x0, 0xd, 0xff,
    0xff, 0xfa, 0x0, 0x0, 0x0, 0x0, 0x0, 0x0,
    0x0, 0x6f, 0xff, 0xff, 0x30, 0x0, 0x0, 0x0,
    0x0, 0x0, 0x0, 0x0, 0xef, 0xff, 0xb0, 0x0,
    0x0, 0x0, 0x0, 0x0, 0x0, 0x0, 0xa, 0xff,
    0xf7, 0x0, 0x0, 0x0, 0x0, 0x0, 0x0, 0x0,
    0x0, 0xaf, 0xff, 0x70, 0x0, 0x0, 0x0, 0x0,
    0x0, 0x0, 0x0, 0xa, 0xff, 0xf7, 0x0, 0x0,
    0x0, 0x0, 0x0, 0x0, 0x0, 0x0, 0xaf, 0xff,
    0x70, 0x0, 0x0, 0x0, 0x0, 0x0, 0x0, 0x0,
    0xa, 0xff, 0xf7, 0x0, 0x0, 0x0, 0x0, 0x0,
    0x0, 0x0, 0x0, 0xaf, 0xff, 0x70, 0x0, 0x0,
    0x0, 0x0, 0x0, 0x0, 0x0, 0xa, 0xff, 0xf7,
    0x0, 0x0, 0x0, 0x0, 0x0, 0x0, 0x0, 0x0,
    0xaf, 0xff, 0x70, 0x0, 0x0, 0x0, 0x0, 0x0,
    0x0, 0x0, 0xa, 0xff, 0xf7, 0x0, 0x0, 0x0,
    0x0, 0x0, 0x0, 0x0, 0x0, 0xaf, 0xff, 0x70,
    0x0, 0x0, 0x0, 0x0,

    /* U+005A "Z" */
    0xaf, 0xff, 0xff, 0xff, 0xff, 0xff, 0xff, 0xff,
    0x4a, 0xff, 0xff, 0xff, 0xff, 0xff, 0xff, 0xff,
    0xf4, 0xaf, 0xff, 0xff, 0xff, 0xff, 0xff, 0xff,
    0xff, 0x47, 0xaa, 0xaa, 0xaa, 0xaa, 0xaa, 0xbf,
    0xff, 0xf4, 0x0, 0x0, 0x0, 0x0, 0x0, 0x9,
    0xff, 0xfd, 0x0, 0x0, 0x0, 0x0, 0x0, 0x3,
    0xff, 0xff, 0x40, 0x0, 0x0, 0x0, 0x0, 0x0,
    0xcf, 0xff, 0xb0, 0x0, 0x0, 0x0, 0x0, 0x0,
    0x6f, 0xff, 0xf2, 0x0, 0x0, 0x0, 0x0, 0x0,
    0x1e, 0xff, 0xf7, 0x0, 0x0, 0x0, 0x0, 0x0,
    0x9, 0xff, 0xfd, 0x0, 0x0, 0x0, 0x0, 0x0,
    0x3, 0xff, 0xff, 0x40, 0x0, 0x0, 0x0, 0x0,
    0x0, 0xcf, 0xff, 0xa0, 0x0, 0x0, 0x0, 0x0,
    0x0, 0x7f, 0xff, 0xf1, 0x0, 0x0, 0x0, 0x0,
    0x0, 0x1f, 0xff, 0xf7, 0x0, 0x0, 0x0, 0x0,
    0x0, 0xa, 0xff, 0xfd, 0x0, 0x0, 0x0, 0x0,
    0x0, 0x4, 0xff, 0xff, 0x30, 0x0, 0x0, 0x0,
    0x0, 0x0, 0xdf, 0xff, 0xa0, 0x0, 0x0, 0x0,
    0x0, 0x0, 0x7f, 0xff, 0xe1, 0x0, 0x0, 0x0,
    0x0, 0x0, 0x2f, 0xff, 0xf6, 0x0, 0x0, 0x0,
    0x0, 0x0, 0xb, 0xff, 0xfc, 0x0, 0x0, 0x0,
    0x0, 0x0, 0x4, 0xff, 0xff, 0x30, 0x0, 0x0,
    0x0, 0x0, 0x0, 0xdf, 0xff, 0x90, 0x0, 0x0,
    0x0, 0x0, 0x0, 0x8f, 0xff, 0xe1, 0x0, 0x0,
    0x0, 0x0, 0x0, 0xe, 0xff, 0xfd, 0xaa, 0xaa,
    0xaa, 0xaa, 0xaa, 0xa7, 0xef, 0xff, 0xff, 0xff,
    0xff, 0xff, 0xff, 0xff, 0xbe, 0xff, 0xff, 0xff,
    0xff, 0xff, 0xff, 0xff, 0xfb, 0xef, 0xff, 0xff,
    0xff, 0xff, 0xff, 0xff, 0xff, 0xb0,

    /* U+005B "[" */
    0x9f, 0xff, 0xff, 0xff, 0xff, 0x69, 0xff, 0xff,
    0xff, 0xff, 0xf6, 0x9f, 0xff, 0xff, 0xff, 0xff,
    0x69, 0xff, 0xfd, 0xaa, 0xaa, 0xa4, 0x9f, 0xff,
    0x80, 0x0, 0x0, 0x9, 0xff, 0xf8, 0x0, 0x0,
    0x0, 0x9f, 0xff, 0x80, 0x0, 0x0, 0x9, 0xff,
    0xf8, 0x0, 0x0, 0x0, 0x9f, 0xff, 0x80, 0x0,
    0x0, 0x9, 0xff, 0xf8, 0x0, 0x0, 0x0, 0x9f,
    0xff, 0x80, 0x0, 0x0, 0x9, 0xff, 0xf8, 0x0,
    0x0, 0x0, 0x9f, 0xff, 0x80, 0x0, 0x0, 0x9,
    0xff, 0xf8, 0x0, 0x0, 0x0, 0x9f, 0xff, 0x80,
    0x0, 0x0, 0x9, 0xff, 0xf8, 0x0, 0x0, 0x0,
    0x9f, 0xff, 0x80, 0x0, 0x0, 0x9, 0xff, 0xf8,
    0x0, 0x0, 0x0, 0x9f, 0xff, 0x80, 0x0, 0x0,
    0x9, 0xff, 0xf8, 0x0, 0x0, 0x0, 0x9f, 0xff,
    0x80, 0x0, 0x0, 0x9, 0xff, 0xf8, 0x0, 0x0,
    0x0, 0x9f, 0xff, 0x80, 0x0, 0x0, 0x9, 0xff,
    0xf8, 0x0, 0x0, 0x0, 0x9f, 0xff, 0x80, 0x0,
    0x0, 0x9, 0xff, 0xf8, 0x0, 0x0, 0x0, 0x9f,
    0xff, 0x80, 0x0, 0x0, 0x9, 0xff, 0xf8, 0x0,
    0x0, 0x0, 0x9f, 0xff, 0x80, 0x0, 0x0, 0x9,
    0xff, 0xf8, 0x0, 0x0, 0x0, 0x9f, 0xff, 0x80,
    0x0, 0x0, 0x9, 0xff, 0xfd, 0xaa, 0xaa, 0xa4,
    0x9f, 0xff, 0xff, 0xff, 0xff, 0x69, 0xff, 0xff,
    0xff, 0xff, 0xf6, 0x9f, 0xff, 0xff, 0xff, 0xff,
    0x60,

    /* U+005C "\\" */
    0x28, 0x88, 0x70, 0x0, 0x0, 0x0, 0x0, 0x0,
    0x0, 0x1, 0xff, 0xff, 0x30, 0x0, 0x0, 0x0,
    0x0, 0x0, 0x0, 0xb, 0xff, 0xf9, 0x0, 0x0,
    0x0, 0x0, 0x0, 0x0, 0x0, 0x5f, 0xff, 0xf0,
    0x0, 0x0, 0x0, 0x0, 0x0, 0x0, 0x0, 0xef,
    0xff, 0x50, 0x0, 0x0, 0x0, 0x0, 0x0, 0x0,
    0x9, 0xff, 0xfb, 0x0, 0x0, 0x0, 0x0, 0x0,
    0x0, 0x0, 0x3f, 0xff, 0xf1, 0x0, 0x0, 0x0,
    0x0, 0x0, 0x0, 0x0, 0xdf, 0xff, 0x70, 0x0,
    0x0, 0x0, 0x0, 0x0, 0x0, 0x7, 0xff, 0xfd,
    0x0, 0x0, 0x0, 0x0, 0x0, 0x0, 0x0, 0x1f,
    0xff, 0xf3, 0x0, 0x0, 0x0, 0x0, 0x0, 0x0,
    0x0, 0xbf, 0xff, 0x90, 0x0, 0x0, 0x0, 0x0,
    0x0, 0x0, 0x4, 0xff, 0xff, 0x0, 0x0, 0x0,
    0x0, 0x0, 0x0, 0x0, 0xe, 0xff, 0xf5, 0x0,
    0x0, 0x0, 0x0, 0x0, 0x0, 0x0, 0x8f, 0xff,
    0xb0, 0x0, 0x0, 0x0, 0x0, 0x0, 0x0, 0x2,
    0xff, 0xff, 0x10, 0x0, 0x0, 0x0, 0x0, 0x0,
    0x0, 0xc, 0xff, 0xf7, 0x0, 0x0, 0x0, 0x0,
    0x0, 0x0, 0x0, 0x6f, 0xff, 0xd0, 0x0, 0x0,
    0x0, 0x0, 0x0, 0x0, 0x1, 0xff, 0xff, 0x30,
    0x0, 0x0, 0x0, 0x0, 0x0, 0x0, 0xa, 0xff,
    0xf9, 0x0, 0x0, 0x0, 0x0, 0x0, 0x0, 0x0,
    0x4f, 0xff, 0xf0, 0x0, 0x0, 0x0, 0x0, 0x0,
    0x0, 0x0, 0xef, 0xff, 0x60, 0x0, 0x0, 0x0,
    0x0, 0x0, 0x0, 0x8, 0xff, 0xfc, 0x0, 0x0,
    0x0, 0x0, 0x0, 0x0, 0x0, 0x2f, 0xff, 0xf2,
    0x0, 0x0, 0x0, 0x0, 0x0, 0x0, 0x0, 0xcf,
    0xff, 0x80, 0x0, 0x0, 0x0, 0x0, 0x0, 0x0,
    0x6, 0xff, 0xfe, 0x0, 0x0, 0x0, 0x0, 0x0,
    0x0, 0x0, 0x1f, 0xff, 0xf4, 0x0, 0x0, 0x0,
    0x0, 0x0, 0x0, 0x0, 0xaf, 0xff, 0xa0, 0x0,
    0x0, 0x0, 0x0, 0x0, 0x0, 0x4, 0xff, 0xff,
    0x0, 0x0, 0x0, 0x0, 0x0, 0x0, 0x0, 0xe,
    0xff, 0xf6, 0x0, 0x0, 0x0, 0x0, 0x0, 0x0,
    0x0, 0x8f, 0xff, 0xc0, 0x0, 0x0, 0x0, 0x0,
    0x0, 0x0, 0x2, 0xff, 0xff, 0x20, 0x0, 0x0,
    0x0, 0x0, 0x0, 0x0, 0xc, 0xff, 0xf8, 0x0,
    0x0, 0x0, 0x0, 0x0, 0x0, 0x0, 0x6f, 0xff,
    0xe0, 0x0, 0x0, 0x0, 0x0, 0x0, 0x0, 0x0,
    0xff, 0xff, 0x40, 0x0, 0x0, 0x0, 0x0, 0x0,
    0x0, 0xa, 0xff, 0xfa, 0x0, 0x0, 0x0, 0x0,
    0x0, 0x0, 0x0, 0x4f, 0xff, 0xf1,

    /* U+005D "]" */
    0x9f, 0xff, 0xff, 0xff, 0xff, 0x69, 0xff, 0xff,
    0xff, 0xff, 0xf6, 0x9f, 0xff, 0xff, 0xff, 0xff,
    0x66, 0xaa, 0xaa, 0xae, 0xff, 0xf6, 0x0, 0x0,
    0x0, 0xaf, 0xff, 0x60, 0x0, 0x0, 0xa, 0xff,
    0xf6, 0x0, 0x0, 0x0, 0xaf, 0xff, 0x60, 0x0,
    0x0, 0xa, 0xff, 0xf6, 0x0, 0x0, 0x0, 0xaf,
    0xff, 0x60, 0x0, 0x0, 0xa, 0xff, 0xf6, 0x0,
    0x0, 0x0, 0xaf, 0xff, 0x60, 0x0, 0x0, 0xa,
    0xff, 0xf6, 0x0, 0x0, 0x0, 0xaf, 0xff, 0x60,
    0x0, 0x0, 0xa, 0xff, 0xf6, 0x0, 0x0, 0x0,
    0xaf, 0xff, 0x60, 0x0, 0x0, 0xa, 0xff, 0xf6,
    0x0, 0x0, 0x0, 0xaf, 0xff, 0x60, 0x0, 0x0,
    0xa, 0xff, 0xf6, 0x0, 0x0, 0x0, 0xaf, 0xff,
    0x60, 0x0, 0x0, 0xa, 0xff, 0xf6, 0x0, 0x0,
    0x0, 0xaf, 0xff, 0x60, 0x0, 0x0, 0xa, 0xff,
    0xf6, 0x0, 0x0, 0x0, 0xaf, 0xff, 0x60, 0x0,
    0x0, 0xa, 0xff, 0xf6, 0x0, 0x0, 0x0, 0xaf,
    0xff, 0x60, 0x0, 0x0, 0xa, 0xff, 0xf6, 0x0,
    0x0, 0x0, 0xaf, 0xff, 0x60, 0x0, 0x0, 0xa,
    0xff, 0xf6, 0x0, 0x0, 0x0, 0xaf, 0xff, 0x60,
    0x0, 0x0, 0xa, 0xff, 0xf6, 0x0, 0x0, 0x0,
    0xaf, 0xff, 0x66, 0xaa, 0xaa, 0xae, 0xff, 0xf6,
    0x9f, 0xff, 0xff, 0xff, 0xff, 0x69, 0xff, 0xff,
    0xff, 0xff, 0xf6, 0x9f, 0xff, 0xff, 0xff, 0xff,
    0x60,

    /* U+005E "^" */
    0x0, 0x0, 0x0, 0x4, 0x88, 0x83, 0x0, 0x0,
    0x0, 0x0, 0x0, 0x0, 0xe, 0xff, 0xfd, 0x0,
    0x0, 0x0, 0x0, 0x0, 0x0, 0x6f, 0xff, 0xff,
    0x40, 0x0, 0x0, 0x0, 0x0, 0x0, 0xdf, 0xfe,
    0xff, 0xb0, 0x0, 0x0, 0x0, 0x0, 0x5, 0xff,
    0xf4, 0xff, 0xf3, 0x0, 0x0, 0x0, 0x0, 0xc,
    0xff, 0xb0, 0xdf, 0xfa, 0x0, 0x0, 0x0, 0x0,
    0x4f, 0xff, 0x40, 0x6f, 0xff, 0x10, 0x0, 0x0,
    0x0, 0xbf, 0xfd, 0x0, 0xf, 0xff, 0x90, 0x0,
    0x0, 0x3, 0xff, 0xf6, 0x0, 0x8, 0xff, 0xf1,
    0x0, 0x0, 0xa, 0xff, 0xf0, 0x0, 0x2, 0xff,
    0xf7, 0x0, 0x0, 0x2f, 0xff, 0x80, 0x0, 0x0,
    0xbf, 0xfe, 0x0, 0x0, 0x9f, 0xff, 0x20, 0x0,
    0x0, 0x4f, 0xff, 0x60, 0x1, 0xff, 0xfa, 0x0,
    0x0, 0x0, 0xd, 0xff, 0xd0, 0x7, 0xff, 0xf3,
    0x0, 0x0, 0x0, 0x6, 0xff, 0xf4, 0xe, 0xff,
    0xc0, 0x0, 0x0, 0x0, 0x0, 0xff, 0xfc,

    /* U+005F "_" */
    0x68, 0x88, 0x88, 0x88, 0x88, 0x88, 0x88, 0x88,
    0x88, 0x4b, 0xff, 0xff, 0xff, 0xff, 0xff, 0xff,
    0xff, 0xff, 0xf8, 0xbf, 0xff, 0xff, 0xff, 0xff,
    0xff, 0xff, 0xff, 0xff, 0x8b, 0xff, 0xff, 0xff,
    0xff, 0xff, 0xff, 0xff, 0xff, 0xf8,

    /* U+0060 "`" */
    0x4, 0x44, 0x41, 0x0, 0x0, 0x9, 0xff, 0xfd,
    0x10, 0x0, 0x0, 0xbf, 0xff, 0xb0, 0x0, 0x0,
    0x1d, 0xff, 0xf7, 0x0, 0x0, 0x2, 0xef, 0xff,
    0x40, 0x0, 0x0, 0x4f, 0xff, 0xe1,

    /* U+0061 "a" */
    0x0, 0x0, 0x5, 0xad, 0xff, 0xed, 0xa4, 0x0,
    0x0, 0x0, 0x4, 0xdf, 0xff, 0xff, 0xff, 0xff,
    0xd2, 0x0, 0x0, 0x4f, 0xff, 0xff, 0xff, 0xff,
    0xff, 0xfe, 0x20, 0x1, 0xef, 0xff, 0xfa, 0x76,
    0x7b, 0xff, 0xff, 0xc0, 0x7, 0xff, 0xfd, 0x10,
    0x0, 0x0, 0x4f, 0xff, 0xf3, 0x7, 0xbb, 0xb4,
    0x0, 0x0, 0x0, 0xa, 0xff, 0xf7, 0x0, 0x0,
    0x0, 0x0, 0x0, 0x0, 0x8, 0xff, 0xf9, 0x0,
    0x0, 0x0, 0x0, 0x0, 0x0, 0x8, 0xff, 0xf9,
    0x0, 0x0, 0x7b, 0xef, 0xff, 0xff, 0xff, 0xff,
    0xf9, 0x0, 0x4e, 0xff, 0xff, 0xff, 0xff, 0xff,
    0xff, 0xf9, 0x4, 0xff, 0xff, 0xfe, 0xdd, 0xdd,
    0xde, 0xff, 0xf9, 0xe, 0xff, 0xfc, 0x20, 0x0,
    0x0, 0x8, 0xff, 0xf9, 0x5f, 0xff, 0xe0, 0x0,
    0x0, 0x0, 0x8, 0xff, 0xf9, 0x8f, 0xff, 0x90,
    0x0, 0x0, 0x0, 0x8, 0xff, 0xf9, 0x9f, 0xff,
    0x70, 0x0, 0x0, 0x0, 0xa, 0xff, 0xf9, 0x8f,
    0xff, 0xb0, 0x0, 0x0, 0x0, 0x1e, 0xff, 0xf9,
    0x5f, 0xff, 0xf5, 0x0, 0x0, 0x1, 0xcf, 0xff,
    0xf9, 0xe, 0xff, 0xff, 0xb7, 0x56, 0x9f, 0xfc,
    0xff, 0xf9, 0x5, 0xff, 0xff, 0xff, 0xff, 0xff,
    0xe7, 0xff, 0xf9, 0x0, 0x6f, 0xff, 0xff, 0xff,
    0xfe, 0x26, 0xff, 0xf9, 0x0, 0x2, 0x8d, 0xff,
    0xec, 0x70, 0x6, 0xff, 0xf9,

    /* U+0062 "b" */
    0xdf, 0xff, 0x40, 0x0, 0x0, 0x0, 0x0, 0x0,
    0xd, 0xff, 0xf4, 0x0, 0x0, 0x0, 0x0, 0x0,
    0x0, 0xdf, 0xff, 0x40, 0x0, 0x0, 0x0, 0x0,
    0x0, 0xd, 0xff, 0xf4, 0x0, 0x0, 0x0, 0x0,
    0x0, 0x0, 0xdf, 0xff, 0x40, 0x0, 0x0, 0x0,
    0x0, 0x0, 0xd, 0xff, 0xf4, 0x0, 0x0, 0x0,
    0x0, 0x0, 0x0, 0xdf, 0xff, 0x40, 0x18, 0xdf,
    0xfd, 0x81, 0x0, 0xd, 0xff, 0xf4, 0x4f, 0xff,
    0xff, 0xff, 0xf5, 0x0, 0xdf, 0xff, 0x5f, 0xff,
    0xff, 0xff, 0xff, 0xf4, 0xd, 0xff, 0xfc, 0xfe,
    0xa8, 0xae, 0xff, 0xff, 0xd0, 0xdf, 0xff, 0xfa,
    0x0, 0x0, 0x8, 0xff, 0xff, 0x4d, 0xff, 0xfd,
    0x0, 0x0, 0x0, 0xc, 0xff, 0xf9, 0xdf, 0xff,
    0x70, 0x0, 0x0, 0x0, 0x7f, 0xff, 0xbd, 0xff,
    0xf5, 0x0, 0x0, 0x0, 0x5, 0xff, 0xfc, 0xdf,
    0xff, 0x40, 0x0, 0x0, 0x0, 0x5f, 0xff, 0xcd,
    0xff, 0xf4, 0x0, 0x0, 0x0, 0x5, 0xff, 0xfc,
    0xdf, 0xff, 0x40, 0x0, 0x0, 0x0, 0x5f, 0xff,
    0xcd, 0xff, 0xf4, 0x0, 0x0, 0x0, 0x5, 0xff,
    0xfc, 0xdf, 0xff, 0x40, 0x0, 0x0, 0x0, 0x5f,
    0xff, 0xcd, 0xff, 0xf5, 0x0, 0x0, 0x0, 0x5,
    0xff, 0xfc, 0xdf, 0xff, 0x70, 0x0, 0x0, 0x0,
    0x7f, 0xff, 0xbd, 0xff, 0xfd, 0x0, 0x0, 0x0,
    0xc, 0xff, 0xf9, 0xdf, 0xff, 0xf9, 0x0, 0x0,
    0x8, 0xff, 0xff, 0x4d, 0xff, 0xfc, 0xfe, 0xa8,
    0xae, 0xff, 0xff, 0xd0, 0xdf, 0xff, 0x5f, 0xff,
    0xff, 0xff, 0xff, 0xf4, 0xd, 0xff, 0xf4, 0x4f,
    0xff, 0xff, 0xff, 0xf5, 0x0, 0xdf, 0xff, 0x40,
    0x29, 0xdf, 0xfd, 0x81, 0x0, 0x0,

    /* U+0063 "c" */
    0x0, 0x0, 0x28, 0xce, 0xff, 0xda, 0x50, 0x0,
    0x0, 0x0, 0xa, 0xff, 0xff, 0xff, 0xff, 0xfe,
    0x40, 0x0, 0x1, 0xdf, 0xff, 0xff, 0xff, 0xff,
    0xff, 0xf5, 0x0, 0xb, 0xff, 0xff, 0xfb, 0x9a,
    0xdf, 0xff, 0xff, 0x20, 0x4f, 0xff, 0xf9, 0x0,
    0x0, 0x5, 0xff, 0xff, 0x90, 0x9f, 0xff, 0xc0,
    0x0, 0x0, 0x0, 0x5f, 0xff, 0xf0, 0xcf, 0xff,
    0x50, 0x0, 0x0, 0x0, 0xf, 0xff, 0xf2, 0xef,
    0xff, 0x30, 0x0, 0x0, 0x0, 0x2, 0x33, 0x30,
    0xef, 0xff, 0x30, 0x0, 0x0, 0x0, 0x0, 0x0,
    0x0, 0xef, 0xff, 0x30, 0x0, 0x0, 0x0, 0x0,
    0x0, 0x0, 0xef, 0xff, 0x30, 0x0, 0x0, 0x0,
    0x0, 0x0, 0x0, 0xef, 0xff, 0x30, 0x0, 0x0,
    0x0, 0x0, 0x0, 0x0, 0xef, 0xff, 0x30, 0x0,
    0x0, 0x0, 0x0, 0x0, 0x0, 0xef, 0xff, 0x30,
    0x0, 0x0, 0x0, 0x3, 0x33, 0x30, 0xcf, 0xff,
    0x50, 0x0, 0x0, 0x0, 0xf, 0xff, 0xf1, 0x9f,
    0xff, 0xc0, 0x0, 0x0, 0x0, 0x5f, 0xff, 0xe0,
    0x4f, 0xff, 0xf9, 0x0, 0x0, 0x5, 0xff, 0xff,
    0x90, 0xb, 0xff, 0xff, 0xfa, 0x9a, 0xdf, 0xff,
    0xff, 0x20, 0x1, 0xdf, 0xff, 0xff, 0xff, 0xff,
    0xff, 0xf5, 0x0, 0x0, 0x1a, 0xff, 0xff, 0xff,
    0xff, 0xfe, 0x40, 0x0, 0x0, 0x0, 0x28, 0xce,
    0xff, 0xda, 0x50, 0x0, 0x0,

    /* U+0064 "d" */
    0x0, 0x0, 0x0, 0x0, 0x0, 0x0, 0x8f, 0xff,
    0x90, 0x0, 0x0, 0x0, 0x0, 0x0, 0x8, 0xff,
    0xf9, 0x0, 0x0, 0x0, 0x0, 0x0, 0x0, 0x8f,
    0xff, 0x90, 0x0, 0x0, 0x0, 0x0, 0x0, 0x8,
    0xff, 0xf9, 0x0, 0x0, 0x0, 0x0, 0x0, 0x0,
    0x8f, 0xff, 0x90, 0x0, 0x0, 0x0, 0x0, 0x0,
    0x7, 0xff, 0xf9, 0x0, 0x3, 0x9d, 0xff, 0xc7,
    0x0, 0x7f, 0xff, 0x90, 0x8, 0xff, 0xff, 0xff,
    0xfd, 0x27, 0xff, 0xf9, 0x7, 0xff, 0xff, 0xff,
    0xff, 0xfd, 0x7f, 0xff, 0x91, 0xff, 0xff, 0xfd,
    0x98, 0xaf, 0xfc, 0xff, 0xf9, 0x8f, 0xff, 0xf5,
    0x0, 0x0, 0x1c, 0xff, 0xff, 0x9c, 0xff, 0xf8,
    0x0, 0x0, 0x0, 0x1f, 0xff, 0xf9, 0xef, 0xff,
    0x30, 0x0, 0x0, 0x0, 0xaf, 0xff, 0x9f, 0xff,
    0xf2, 0x0, 0x0, 0x0, 0x8, 0xff, 0xf9, 0xff,
    0xff, 0x10, 0x0, 0x0, 0x0, 0x8f, 0xff, 0x9f,
    0xff, 0xf1, 0x0, 0x0, 0x0, 0x8, 0xff, 0xf9,
    0xff, 0xff, 0x10, 0x0, 0x0, 0x0, 0x8f, 0xff,
    0x9f, 0xff, 0xf1, 0x0, 0x0, 0x0, 0x8, 0xff,
    0xf9, 0xff, 0xff, 0x10, 0x0, 0x0, 0x0, 0x8f,
    0xff, 0x9f, 0xff, 0xf2, 0x0, 0x0, 0x0, 0x8,
    0xff, 0xf9, 0xef, 0xff, 0x30, 0x0, 0x0, 0x0,
    0xaf, 0xff, 0x9c, 0xff, 0xf8, 0x0, 0x0, 0x0,
    0x1f, 0xff, 0xf9, 0x8f, 0xff, 0xf6, 0x0, 0x0,
    0x1c, 0xff, 0xff, 0x91, 0xff, 0xff, 0xfd, 0xa8,
    0xaf, 0xfc, 0xff, 0xf9, 0x7, 0xff, 0xff, 0xff,
    0xff, 0xfd, 0x7f, 0xff, 0x90, 0x8, 0xff, 0xff,
    0xff, 0xfe, 0x27, 0xff, 0xf9, 0x0, 0x3, 0x9d,
    0xff, 0xd8, 0x0, 0x7f, 0xff, 0x90,

    /* U+0065 "e" */
    0x0, 0x0, 0x3, 0x9d, 0xef, 0xec, 0x83, 0x0,
    0x0, 0x0, 0x1, 0xbf, 0xff, 0xff, 0xff, 0xff,
    0xa1, 0x0, 0x0, 0x2e, 0xff, 0xff, 0xff, 0xff,
    0xff, 0xfd, 0x10, 0x0, 0xdf, 0xff, 0xe7, 0x43,
    0x48, 0xff, 0xff, 0xb0, 0x5, 0xff, 0xfd, 0x10,
    0x0, 0x0, 0x2e, 0xff, 0xf4, 0xb, 0xff, 0xf3,
    0x0, 0x0, 0x0, 0x7, 0xff, 0xf9, 0xf, 0xff,
    0xf0, 0x0, 0x0, 0x0, 0x2, 0xff, 0xfc, 0xf,
    0xff, 0xe0, 0x0, 0x0, 0x0, 0x1, 0xff, 0xfd,
    0x1f, 0xff, 0xfd, 0xdd, 0xdd, 0xdd, 0xdd, 0xff,
    0xfe, 0x1f, 0xff, 0xff, 0xff, 0xff, 0xff, 0xff,
    0xff, 0xfe, 0x1f, 0xff, 0xff, 0xff, 0xff, 0xff,
    0xff, 0xff, 0xfe, 0x1f, 0xff, 0xe0, 0x0, 0x0,
    0x0, 0x0, 0x0, 0x0, 0x1f, 0xff, 0xe0, 0x0,
    0x0, 0x0, 0x0, 0x0, 0x0, 0xf, 0xff, 0xe0,
    0x0, 0x0, 0x0, 0x0, 0x0, 0x0, 0xf, 0xff,
    0xf1, 0x0, 0x0, 0x0, 0x0, 0x0, 0x0, 0xb,
    0xff, 0xf8, 0x0, 0x0, 0x0, 0x7, 0xdd, 0xd7,
    0x5, 0xff, 0xff, 0x50, 0x0, 0x0, 0x4f, 0xff,
    0xf4, 0x0, 0xdf, 0xff, 0xfc, 0x76, 0x8c, 0xff,
    0xff, 0xc0, 0x0, 0x2e, 0xff, 0xff, 0xff, 0xff,
    0xff, 0xfe, 0x20, 0x0, 0x1, 0xbf, 0xff, 0xff,
    0xff, 0xff, 0xb1, 0x0, 0x0, 0x0, 0x4, 0x9d,
    0xef, 0xec, 0x93, 0x0, 0x0,

    /* U+0066 "f" */
    0x0, 0x0, 0x0, 0x0, 0x2, 0x9d, 0xff, 0xff,
    0xff, 0xf4, 0x0, 0x0, 0x0, 0x0, 0x6f, 0xff,
    0xff, 0xff, 0xff, 0xf4, 0x0, 0x0, 0x0, 0x4,
    0xff, 0xff, 0xff, 0xff, 0xff, 0xf4, 0x0, 0x0,
    0x0, 0xc, 0xff, 0xff, 0xb9, 0x99, 0x99, 0x92,
    0x0, 0x0, 0x0, 0xf, 0xff, 0xf4, 0x0, 0x0,
    0x0, 0x0, 0x0, 0x0, 0x0, 0x1f, 0xff, 0xf0,
    0x0, 0x0, 0x0, 0x0, 0x0, 0x0, 0x0, 0x1f,
    0xff, 0xf0, 0x0, 0x0, 0x0, 0x0, 0x0, 0x0,
    0x0, 0x1f, 0xff, 0xf0, 0x0, 0x0, 0x0, 0x0,
    0x0, 0x0, 0x0, 0x1f, 0xff, 0xf0, 0x0, 0x0,
    0x0, 0x0, 0xa, 0xaa, 0xaa, 0xbf, 0xff, 0xfa,
    0xaa, 0xaa, 0xaa, 0xa2, 0xf, 0xff, 0xff, 0xff,
    0xff, 0xff, 0xff, 0xff, 0xff, 0xf4, 0xf, 0xff,
    0xff, 0xff, 0xff, 0xff, 0xff, 0xff, 0xff, 0xf4,
    0xf, 0xff, 0xff, 0xff, 0xff, 0xff, 0xff, 0xff,
    0xff, 0xf4, 0x0, 0x0, 0x0, 0x1f, 0xff, 0xf0,
    0x0, 0x0, 0x0, 0x0, 0x0, 0x0, 0x0, 0x1f,
    0xff, 0xf0, 0x0, 0x0, 0x0, 0x0, 0x0, 0x0,
    0x0, 0x1f, 0xff, 0xf0, 0x0, 0x0, 0x0, 0x0,
    0x0, 0x0, 0x0, 0x1f, 0xff, 0xf0, 0x0, 0x0,
    0x0, 0x0, 0x0, 0x0, 0x0, 0x1f, 0xff, 0xf0,
    0x0, 0x0, 0x0, 0x0, 0x0, 0x0, 0x0, 0x1f,
    0xff, 0xf0, 0x0, 0x0, 0x0, 0x0, 0x0, 0x0,
    0x0, 0x1f, 0xff, 0xf0, 0x0, 0x0, 0x0, 0x0,
    0x0, 0x0, 0x0, 0x1f, 0xff, 0xf0, 0x0, 0x0,
    0x0, 0x0, 0x0, 0x0, 0x0, 0x1f, 0xff, 0xf0,
    0x0, 0x0, 0x0, 0x0, 0x0, 0x0, 0x0, 0x1f,
    0xff, 0xf0, 0x0, 0x0, 0x0, 0x0, 0x0, 0x0,
    0x0, 0x1f, 0xff, 0xf0, 0x0, 0x0, 0x0, 0x0,
    0x0, 0x0, 0x0, 0x1f, 0xff, 0xf0, 0x0, 0x0,
    0x0, 0x0, 0x0, 0x0, 0x0, 0x1f, 0xff, 0xf0,
    0x0, 0x0, 0x0, 0x0, 0x0, 0x0, 0x0, 0x1f,
    0xff, 0xf0, 0x0, 0x0, 0x0, 0x0,

    /* U+0067 "g" */
    0x0, 0x2, 0x9d, 0xff, 0xd8, 0x10, 0x7f, 0xff,
    0x90, 0x6, 0xff, 0xff, 0xff, 0xfe, 0x27, 0xff,
    0xf9, 0x5, 0xff, 0xff, 0xff, 0xff, 0xfe, 0x7f,
    0xff, 0x90, 0xef, 0xff, 0xfd, 0x98, 0xaf, 0xfd,
    0xff, 0xf9, 0x6f, 0xff, 0xf7, 0x0, 0x0, 0x1d,
    0xff, 0xff, 0x9a, 0xff, 0xfa, 0x0, 0x0, 0x0,
    0x2f, 0xff, 0xf9, 0xdf, 0xff, 0x40, 0x0, 0x0,
    0x0, 0xbf, 0xff, 0x9e, 0xff, 0xf2, 0x0, 0x0,
    0x0, 0x8, 0xff, 0xf9, 0xff, 0xff, 0x20, 0x0,
    0x0, 0x0, 0x8f, 0xff, 0x9f, 0xff, 0xf2, 0x0,
    0x0, 0x0, 0x8, 0xff, 0xf9, 0xff, 0xff, 0x20,
    0x0, 0x0, 0x0, 0x8f, 0xff, 0x9f, 0xff, 0xf2,
    0x0, 0x0, 0x0, 0x8, 0xff, 0xf9, 0xef, 0xff,
    0x20, 0x0, 0x0, 0x0, 0x8f, 0xff, 0x9d, 0xff,
    0xf4, 0x0, 0x0, 0x0, 0xb, 0xff, 0xf9, 0xbf,
    0xff, 0x90, 0x0, 0x0, 0x1, 0xff, 0xff, 0x96,
    0xff, 0xff, 0x50, 0x0, 0x0, 0xbf, 0xff, 0xf9,
    0x1f, 0xff, 0xff, 0xc7, 0x79, 0xef, 0xdf, 0xff,
    0x90, 0x6f, 0xff, 0xff, 0xff, 0xff, 0xe7, 0xff,
    0xf9, 0x0, 0x7f, 0xff, 0xff, 0xff, 0xe2, 0x7f,
    0xff, 0x90, 0x0, 0x29, 0xdf, 0xfd, 0x81, 0x7,
    0xff, 0xf9, 0x0, 0x0, 0x0, 0x0, 0x0, 0x0,
    0x8f, 0xff, 0x80, 0x0, 0x0, 0x0, 0x0, 0x0,
    0x9, 0xff, 0xf8, 0x0, 0x0, 0x0, 0x0, 0x0,
    0x0, 0xcf, 0xff, 0x60, 0x0, 0x0, 0x0, 0x0,
    0x0, 0x7f, 0xff, 0xf2, 0x0, 0x7, 0x77, 0x77,
    0x79, 0xdf, 0xff, 0xfb, 0x0, 0x1, 0xff, 0xff,
    0xff, 0xff, 0xff, 0xfe, 0x10, 0x0, 0x1f, 0xff,
    0xff, 0xff, 0xff, 0xfc, 0x20, 0x0, 0x1, 0xff,
    0xff, 0xff, 0xfd, 0xa5, 0x0, 0x0,

    /* U+0068 "h" */
    0xdf, 0xff, 0x40, 0x0, 0x0, 0x0, 0x0, 0x0,
    0xd, 0xff, 0xf4, 0x0, 0x0, 0x0, 0x0, 0x0,
    0x0, 0xdf, 0xff, 0x40, 0x0, 0x0, 0x0, 0x0,
    0x0, 0xd, 0xff, 0xf4, 0x0, 0x0, 0x0, 0x0,
    0x0, 0x0, 0xdf, 0xff, 0x40, 0x0, 0x0, 0x0,
    0x0, 0x0, 0xd, 0xff, 0xf4, 0x0, 0x0, 0x0,
    0x0, 0x0, 0x0, 0xdf, 0xff, 0x40, 0x29, 0xdf,
    0xfd, 0x81, 0x0, 0xd, 0xff, 0xf4, 0x5f, 0xff,
    0xff, 0xff, 0xf4, 0x0, 0xdf, 0xff, 0x6f, 0xff,
    0xff, 0xff, 0xff, 0xf3, 0xd, 0xff, 0xfc, 0xfd,
    0x97, 0x9e, 0xff, 0xff, 0xd0, 0xdf, 0xff, 0xf9,
    0x0, 0x0, 0xa, 0xff, 0xff, 0x4d, 0xff, 0xfd,
    0x0, 0x0, 0x0, 0xe, 0xff, 0xf8, 0xdf, 0xff,
    0x70, 0x0, 0x0, 0x0, 0x9f, 0xff, 0xad, 0xff,
    0xf5, 0x0, 0x0, 0x0, 0x7, 0xff, 0xfa, 0xdf,
    0xff, 0x40, 0x0, 0x0, 0x0, 0x6f, 0xff, 0xbd,
    0xff, 0xf4, 0x0, 0x0, 0x0, 0x6, 0xff, 0xfb,
    0xdf, 0xff, 0x40, 0x0, 0x0, 0x0, 0x6f, 0xff,
    0xbd, 0xff, 0xf4, 0x0, 0x0, 0x0, 0x6, 0xff,
    0xfb, 0xdf, 0xff, 0x40, 0x0, 0x0, 0x0, 0x6f,
    0xff, 0xbd, 0xff, 0xf4, 0x0, 0x0, 0x0, 0x6,
    0xff, 0xfb, 0xdf, 0xff, 0x40, 0x0, 0x0, 0x0,
    0x6f, 0xff, 0xbd, 0xff, 0xf4, 0x0, 0x0, 0x0,
    0x6, 0xff, 0xfb, 0xdf, 0xff, 0x40, 0x0, 0x0,
    0x0, 0x6f, 0xff, 0xbd, 0xff, 0xf4, 0x0, 0x0,
    0x0, 0x6, 0xff, 0xfb, 0xdf, 0xff, 0x40, 0x0,
    0x0, 0x0, 0x6f, 0xff, 0xbd, 0xff, 0xf4, 0x0,
    0x0, 0x0, 0x6, 0xff, 0xfb, 0xdf, 0xff, 0x40,
    0x0, 0x0, 0x0, 0x6f, 0xff, 0xb0,

    /* U+0069 "i" */
    0x0, 0x0, 0x0, 0x0, 0x1, 0x0, 0x0, 0x0,
    0x0, 0x0, 0x0, 0x0, 0x1, 0xcf, 0xfc, 0x20,
    0x0, 0x0, 0x0, 0x0, 0x0, 0x0, 0xaf, 0xff,
    0xfc, 0x0, 0x0, 0x0, 0x0, 0x0, 0x0, 0xd,
    0xff, 0xff, 0xe0, 0x0, 0x0, 0x0, 0x0, 0x0,
    0x0, 0x9f, 0xff, 0xfb, 0x0, 0x0, 0x0, 0x0,
    0x0, 0x0, 0x0, 0xae, 0xea, 0x10, 0x0, 0x0,
    0x0, 0x0, 0x0, 0x0, 0x0, 0x0, 0x0, 0x0,
    0x0, 0x0, 0x0, 0x0, 0x0, 0x0, 0x0, 0x0,
    0x0, 0x0, 0x0, 0x0, 0x0, 0x0, 0x0, 0x0,
    0x0, 0x0, 0x0, 0x0, 0x0, 0x2, 0xff, 0xff,
    0xff, 0xff, 0xff, 0x70, 0x0, 0x0, 0x0, 0x2f,
    0xff, 0xff, 0xff, 0xff, 0xf7, 0x0, 0x0, 0x0,
    0x2, 0xff, 0xff, 0xff, 0xff, 0xff, 0x70, 0x0,
    0x0, 0x0, 0x1a, 0xaa, 0xaa, 0xae, 0xff, 0xf7,
    0x0, 0x0, 0x0, 0x0, 0x0, 0x0, 0x0, 0xaf,
    0xff, 0x70, 0x0, 0x0, 0x0, 0x0, 0x0, 0x0,
    0xa, 0xff, 0xf7, 0x0, 0x0, 0x0, 0x0, 0x0,
    0x0, 0x0, 0xaf, 0xff, 0x70, 0x0, 0x0, 0x0,
    0x0, 0x0, 0x0, 0xa, 0xff, 0xf7, 0x0, 0x0,
    0x0, 0x0, 0x0, 0x0, 0x0, 0xaf, 0xff, 0x70,
    0x0, 0x0, 0x0, 0x0, 0x0, 0x0, 0xa, 0xff,
    0xf7, 0x0, 0x0, 0x0, 0x0, 0x0, 0x0, 0x0,
    0xaf, 0xff, 0x70, 0x0, 0x0, 0x0, 0x0, 0x0,
    0x0, 0xa, 0xff, 0xf7, 0x0, 0x0, 0x0, 0x0,
    0x0, 0x0, 0x0, 0xaf, 0xff, 0x70, 0x0, 0x0,
    0x0, 0x0, 0x0, 0x0, 0xa, 0xff, 0xf7, 0x0,
    0x0, 0x0, 0x0, 0x0, 0x0, 0x0, 0xaf, 0xff,
    0x70, 0x0, 0x0, 0x0, 0x0, 0x0, 0x0, 0xa,
    0xff, 0xf7, 0x0, 0x0, 0x0, 0x0, 0x0, 0x0,
    0x0, 0xaf, 0xff, 0x70, 0x0, 0x0, 0x0, 0x9a,
    0xaa, 0xaa, 0xae, 0xff, 0xfd, 0xaa, 0xaa, 0xaa,
    0x1e, 0xff, 0xff, 0xff, 0xff, 0xff, 0xff, 0xff,
    0xff, 0xf2, 0xef, 0xff, 0xff, 0xff, 0xff, 0xff,
    0xff, 0xff, 0xff, 0x2e, 0xff, 0xff, 0xff, 0xff,
    0xff, 0xff, 0xff, 0xff, 0xf2,

    /* U+006A "j" */
    0x0, 0x0, 0x0, 0x0, 0x0, 0x1, 0x0, 0x0,
    0x0, 0x0, 0x0, 0x0, 0x6f, 0xff, 0x80, 0x0,
    0x0, 0x0, 0x0, 0x2f, 0xff, 0xff, 0x40, 0x0,
    0x0, 0x0, 0x5, 0xff, 0xff, 0xf6, 0x0, 0x0,
    0x0, 0x0, 0x2f, 0xff, 0xff, 0x30, 0x0, 0x0,
    0x0, 0x0, 0x4d, 0xfd, 0x60, 0x0, 0x0, 0x0,
    0x0, 0x0, 0x0, 0x0, 0x0, 0x0, 0x0, 0x0,
    0x0, 0x0, 0x0, 0x0, 0x0, 0x0, 0x0, 0x0,
    0x0, 0x0, 0x0, 0xe, 0xff, 0xff, 0xff, 0xff,
    0xff, 0xff, 0xf0, 0xef, 0xff, 0xff, 0xff, 0xff,
    0xff, 0xff, 0xe, 0xff, 0xff, 0xff, 0xff, 0xff,
    0xff, 0xf0, 0x9a, 0xaa, 0xaa, 0xaa, 0xab, 0xff,
    0xff, 0x0, 0x0, 0x0, 0x0, 0x0, 0x2f, 0xff,
    0xf0, 0x0, 0x0, 0x0, 0x0, 0x2, 0xff, 0xff,
    0x0, 0x0, 0x0, 0x0, 0x0, 0x2f, 0xff, 0xf0,
    0x0, 0x0, 0x0, 0x0, 0x2, 0xff, 0xff, 0x0,
    0x0, 0x0, 0x0, 0x0, 0x2f, 0xff, 0xf0, 0x0,
    0x0, 0x0, 0x0, 0x2, 0xff, 0xff, 0x0, 0x0,
    0x0, 0x0, 0x0, 0x2f, 0xff, 0xf0, 0x0, 0x0,
    0x0, 0x0, 0x2, 0xff, 0xff, 0x0, 0x0, 0x0,
    0x0, 0x0, 0x2f, 0xff, 0xf0, 0x0, 0x0, 0x0,
    0x0, 0x2, 0xff, 0xff, 0x0, 0x0, 0x0, 0x0,
    0x0, 0x2f, 0xff, 0xf0, 0x0, 0x0, 0x0, 0x0,
    0x2, 0xff, 0xff, 0x0, 0x0, 0x0, 0x0, 0x0,
    0x2f, 0xff, 0xf0, 0x0, 0x0, 0x0, 0x0, 0x2,
    0xff, 0xff, 0x0, 0x0, 0x0, 0x0, 0x0, 0x2f,
    0xff, 0xf0, 0x0, 0x0, 0x0, 0x0, 0x2, 0xff,
    0xff, 0x0, 0x0, 0x0, 0x0, 0x0, 0x3f, 0xff,
    0xe0, 0x0, 0x0, 0x0, 0x0, 0x6, 0xff, 0xfc,
    0x0, 0x0, 0x0, 0x0, 0x0, 0xdf, 0xff, 0x90,
    0x0, 0x0, 0x0, 0x2, 0xbf, 0xff, 0xf3, 0x7,
    0xaa, 0xaa, 0xac, 0xff, 0xff, 0xfb, 0x0, 0xbf,
    0xff, 0xff, 0xff, 0xff, 0xfd, 0x10, 0xb, 0xff,
    0xff, 0xff, 0xff, 0xfa, 0x10, 0x0, 0xbf, 0xff,
    0xff, 0xed, 0x93, 0x0, 0x0, 0x0,

    /* U+006B "k" */
    0xaf, 0xff, 0x70, 0x0, 0x0, 0x0, 0x0, 0x0,
    0x0, 0xa, 0xff, 0xf7, 0x0, 0x0, 0x0, 0x0,
    0x0, 0x0, 0x0, 0xaf, 0xff, 0x70, 0x0, 0x0,
    0x0, 0x0, 0x0, 0x0, 0xa, 0xff, 0xf7, 0x0,
    0x0, 0x0, 0x0, 0x0, 0x0, 0x0, 0xaf, 0xff,
    0x70, 0x0, 0x0, 0x0, 0x0, 0x0, 0x0, 0xa,
    0xff, 0xf7, 0x0, 0x0, 0x0, 0x0, 0x0, 0x0,
    0x0, 0xaf, 0xff, 0x70, 0x0, 0x0, 0x0, 0xc,
    0xff, 0xfd, 0xa, 0xff, 0xf7, 0x0, 0x0, 0x0,
    0x6, 0xff, 0xff, 0x30, 0xaf, 0xff, 0x70, 0x0,
    0x0, 0x1, 0xef, 0xff, 0x90, 0xa, 0xff, 0xf7,
    0x0, 0x0, 0x0, 0xaf, 0xff, 0xe0, 0x0, 0xaf,
    0xff, 0x70, 0x0, 0x0, 0x4f, 0xff, 0xf5, 0x0,
    0xa, 0xff, 0xf7, 0x0, 0x0, 0xe, 0xff, 0xfa,
    0x0, 0x0, 0xaf, 0xff, 0x70, 0x0, 0x9, 0xff,
    0xff, 0x10, 0x0, 0xa, 0xff, 0xf7, 0x0, 0x3,
    0xff, 0xff, 0x60, 0x0, 0x0, 0xaf, 0xff, 0xb8,
    0x88, 0xdf, 0xff, 0xc0, 0x0, 0x0, 0xa, 0xff,
    0xff, 0xff, 0xff, 0xff, 0xf2, 0x0, 0x0, 0x0,
    0xaf, 0xff, 0xff, 0xff, 0xff, 0xfe, 0x10, 0x0,
    0x0, 0xa, 0xff, 0xff, 0xff, 0xff, 0xff, 0xf9,
    0x0, 0x0, 0x0, 0xaf, 0xff, 0x70, 0x0, 0x7f,
    0xff, 0xf3, 0x0, 0x0, 0xa, 0xff, 0xf7, 0x0,
    0x0, 0xdf, 0xff, 0xd0, 0x0, 0x0, 0xaf, 0xff,
    0x70, 0x0, 0x4, 0xff, 0xff, 0x70, 0x0, 0xa,
    0xff, 0xf7, 0x0, 0x0, 0xa, 0xff, 0xff, 0x10,
    0x0, 0xaf, 0xff, 0x70, 0x0, 0x0, 0x1e, 0xff,
    0xfb, 0x0, 0xa, 0xff, 0xf7, 0x0, 0x0, 0x0,
    0x6f, 0xff, 0xf4, 0x0, 0xaf, 0xff, 0x70, 0x0,
    0x0, 0x0, 0xcf, 0xff, 0xe0, 0xa, 0xff, 0xf7,
    0x0, 0x0, 0x0, 0x2, 0xff, 0xff, 0x80, 0xaf,
    0xff, 0x70, 0x0, 0x0, 0x0, 0x8, 0xff, 0xff,
    0x20,

    /* U+006C "l" */
    0xef, 0xff, 0xff, 0xff, 0xff, 0xf3, 0x0, 0x0,
    0x0, 0x0, 0xe, 0xff, 0xff, 0xff, 0xff, 0xff,
    0x30, 0x0, 0x0, 0x0, 0x0, 0xef, 0xff, 0xff,
    0xff, 0xff, 0xf3, 0x0, 0x0, 0x0, 0x0, 0x9,
    0xaa, 0xaa, 0xaa, 0xff, 0xff, 0x30, 0x0, 0x0,
    0x0, 0x0, 0x0, 0x0, 0x0, 0xe, 0xff, 0xf3,
    0x0, 0x0, 0x0, 0x0, 0x0, 0x0, 0x0, 0x0,
    0xef, 0xff, 0x30, 0x0, 0x0, 0x0, 0x0, 0x0,
    0x0, 0x0, 0xe, 0xff, 0xf3, 0x0, 0x0, 0x0,
    0x0, 0x0, 0x0, 0x0, 0x0, 0xef, 0xff, 0x30,
    0x0, 0x0, 0x0, 0x0, 0x0, 0x0, 0x0, 0xe,
    0xff, 0xf3, 0x0, 0x0, 0x0, 0x0, 0x0, 0x0,
    0x0, 0x0, 0xef, 0xff, 0x30, 0x0, 0x0, 0x0,
    0x0, 0x0, 0x0, 0x0, 0xe, 0xff, 0xf3, 0x0,
    0x0, 0x0, 0x0, 0x0, 0x0, 0x0, 0x0, 0xef,
    0xff, 0x30, 0x0, 0x0, 0x0, 0x0, 0x0, 0x0,
    0x0, 0xe, 0xff, 0xf3, 0x0, 0x0, 0x0, 0x0,
    0x0, 0x0, 0x0, 0x0, 0xef, 0xff, 0x30, 0x0,
    0x0, 0x0, 0x0, 0x0, 0x0, 0x0, 0xe, 0xff,
    0xf3, 0x0, 0x0, 0x0, 0x0, 0x0, 0x0, 0x0,
    0x0, 0xef, 0xff, 0x30, 0x0, 0x0, 0x0, 0x0,
    0x0, 0x0, 0x0, 0xe, 0xff, 0xf3, 0x0, 0x0,
    0x0, 0x0, 0x0, 0x0, 0x0, 0x0, 0xef, 0xff,
    0x30, 0x0, 0x0, 0x0, 0x0, 0x0, 0x0, 0x0,
    0xe, 0xff, 0xf3, 0x0, 0x0, 0x0, 0x0, 0x0,
    0x0, 0x0, 0x0, 0xef, 0xff, 0x30, 0x0, 0x0,
    0x0, 0x0, 0x0, 0x0, 0x0, 0xd, 0xff, 0xf3,
    0x0, 0x0, 0x0, 0x0, 0x0, 0x0, 0x0, 0x0,
    0xdf, 0xff, 0x50, 0x0, 0x0, 0x0, 0x0, 0x0,
    0x0, 0x0, 0xa, 0xff, 0xfd, 0x10, 0x0, 0x0,
    0x0, 0x0, 0x0, 0x0, 0x0, 0x5f, 0xff, 0xfe,
    0xba, 0xaa, 0xaa, 0xa1, 0x0, 0x0, 0x0, 0x0,
    0xcf, 0xff, 0xff, 0xff, 0xff, 0xff, 0x10, 0x0,
    0x0, 0x0, 0x1, 0xcf, 0xff, 0xff, 0xff, 0xff,
    0xf1, 0x0, 0x0, 0x0, 0x0, 0x0, 0x5b, 0xef,
    0xff, 0xff, 0xff, 0x10,

    /* U+006D "m" */
    0xff, 0xf8, 0x19, 0xee, 0xa2, 0x0, 0x7d, 0xfd,
    0x60, 0xf, 0xff, 0x8b, 0xff, 0xff, 0xe1, 0x8f,
    0xff, 0xff, 0x80, 0xff, 0xfb, 0xff, 0xff, 0xff,
    0x9f, 0xff, 0xff, 0xff, 0x2f, 0xff, 0xf8, 0x13,
    0xef, 0xff, 0xc2, 0x1b, 0xff, 0xf8, 0xff, 0xfe,
    0x0, 0x6, 0xff, 0xf3, 0x0, 0x1f, 0xff, 0xbf,
    0xff, 0xb0, 0x0, 0x4f, 0xff, 0x10, 0x0, 0xff,
    0xfc, 0xff, 0xfb, 0x0, 0x4, 0xff, 0xf1, 0x0,
    0xf, 0xff, 0xcf, 0xff, 0xb0, 0x0, 0x4f, 0xff,
    0x10, 0x0, 0xff, 0xfc, 0xff, 0xfb, 0x0, 0x4,
    0xff, 0xf1, 0x0, 0xf, 0xff, 0xcf, 0xff, 0xb0,
    0x0, 0x4f, 0xff, 0x10, 0x0, 0xff, 0xfc, 0xff,
    0xfb, 0x0, 0x4, 0xff, 0xf1, 0x0, 0xf, 0xff,
    0xcf, 0xff, 0xb0, 0x0, 0x4f, 0xff, 0x10, 0x0,
    0xff, 0xfc, 0xff, 0xfb, 0x0, 0x4, 0xff, 0xf1,
    0x0, 0xf, 0xff, 0xcf, 0xff, 0xb0, 0x0, 0x4f,
    0xff, 0x10, 0x0, 0xff, 0xfc, 0xff, 0xfb, 0x0,
    0x4, 0xff, 0xf1, 0x0, 0xf, 0xff, 0xcf, 0xff,
    0xb0, 0x0, 0x4f, 0xff, 0x10, 0x0, 0xff, 0xfc,
    0xff, 0xfb, 0x0, 0x4, 0xff, 0xf1, 0x0, 0xf,
    0xff, 0xcf, 0xff, 0xb0, 0x0, 0x4f, 0xff, 0x10,
    0x0, 0xff, 0xfc, 0xff, 0xfb, 0x0, 0x4, 0xff,
    0xf1, 0x0, 0xf, 0xff, 0xcf, 0xff, 0xb0, 0x0,
    0x4f, 0xff, 0x10, 0x0, 0xff, 0xfc, 0xff, 0xfb,
    0x0, 0x4, 0xff, 0xf1, 0x0, 0xf, 0xff, 0xc0,

    /* U+006E "n" */
    0xdf, 0xff, 0x40, 0x29, 0xdf, 0xfd, 0x81, 0x0,
    0xd, 0xff, 0xf4, 0x5f, 0xff, 0xff, 0xff, 0xf4,
    0x0, 0xdf, 0xff, 0x6f, 0xff, 0xff, 0xff, 0xff,
    0xf3, 0xd, 0xff, 0xfc, 0xfd, 0x97, 0x9e, 0xff,
    0xff, 0xd0, 0xdf, 0xff, 0xf9, 0x0, 0x0, 0xa,
    0xff, 0xff, 0x4d, 0xff, 0xfd, 0x0, 0x0, 0x0,
    0xe, 0xff, 0xf8, 0xdf, 0xff, 0x70, 0x0, 0x0,
    0x0, 0x9f, 0xff, 0xad, 0xff, 0xf5, 0x0, 0x0,
    0x0, 0x7, 0xff, 0xfa, 0xdf, 0xff, 0x40, 0x0,
    0x0, 0x0, 0x6f, 0xff, 0xbd, 0xff, 0xf4, 0x0,
    0x0, 0x0, 0x6, 0xff, 0xfb, 0xdf, 0xff, 0x40,
    0x0, 0x0, 0x0, 0x6f, 0xff, 0xbd, 0xff, 0xf4,
    0x0, 0x0, 0x0, 0x6, 0xff, 0xfb, 0xdf, 0xff,
    0x40, 0x0, 0x0, 0x0, 0x6f, 0xff, 0xbd, 0xff,
    0xf4, 0x0, 0x0, 0x0, 0x6, 0xff, 0xfb, 0xdf,
    0xff, 0x40, 0x0, 0x0, 0x0, 0x6f, 0xff, 0xbd,
    0xff, 0xf4, 0x0, 0x0, 0x0, 0x6, 0xff, 0xfb,
    0xdf, 0xff, 0x40, 0x0, 0x0, 0x0, 0x6f, 0xff,
    0xbd, 0xff, 0xf4, 0x0, 0x0, 0x0, 0x6, 0xff,
    0xfb, 0xdf, 0xff, 0x40, 0x0, 0x0, 0x0, 0x6f,
    0xff, 0xbd, 0xff, 0xf4, 0x0, 0x0, 0x0, 0x6,
    0xff, 0xfb, 0xdf, 0xff, 0x40, 0x0, 0x0, 0x0,
    0x6f, 0xff, 0xb0,

    /* U+006F "o" */
    0x0, 0x0, 0x4, 0x9d, 0xef, 0xec, 0x82, 0x0,
    0x0, 0x0, 0x1, 0xcf, 0xff, 0xff, 0xff, 0xff,
    0xa0, 0x0, 0x0, 0x2e, 0xff, 0xff, 0xff, 0xff,
    0xff, 0xfc, 0x0, 0x0, 0xdf, 0xff, 0xfe, 0xa9,
    0xae, 0xff, 0xff, 0xa0, 0x6, 0xff, 0xff, 0x70,
    0x0, 0x0, 0xaf, 0xff, 0xf2, 0xb, 0xff, 0xf9,
    0x0, 0x0, 0x0, 0xc, 0xff, 0xf8, 0xf, 0xff,
    0xf3, 0x0, 0x0, 0x0, 0x6, 0xff, 0xfb, 0xf,
    0xff, 0xf0, 0x0, 0x0, 0x0, 0x4, 0xff, 0xfd,
    0x1f, 0xff, 0xf0, 0x0, 0x0, 0x0, 0x3, 0xff,
    0xfd, 0x1f, 0xff, 0xf0, 0x0, 0x0, 0x0, 0x3,
    0xff, 0xfe, 0x1f, 0xff, 0xf0, 0x0, 0x0, 0x0,
    0x3, 0xff, 0xfe, 0x1f, 0xff, 0xf0, 0x0, 0x0,
    0x0, 0x3, 0xff, 0xfe, 0x1f, 0xff, 0xf0, 0x0,
    0x0, 0x0, 0x3, 0xff, 0xfd, 0xf, 0xff, 0xf0,
    0x0, 0x0, 0x0, 0x4, 0xff, 0xfd, 0xf, 0xff,
    0xf3, 0x0, 0x0, 0x0, 0x6, 0xff, 0xfb, 0xb,
    0xff, 0xf9, 0x0, 0x0, 0x0, 0xc, 0xff, 0xf7,
    0x5, 0xff, 0xff, 0x70, 0x0, 0x0, 0xaf, 0xff,
    0xf2, 0x0, 0xdf, 0xff, 0xfe, 0xa9, 0xae, 0xff,
    0xff, 0x90, 0x0, 0x2e, 0xff, 0xff, 0xff, 0xff,
    0xff, 0xfc, 0x0, 0x0, 0x1, 0xbf, 0xff, 0xff,
    0xff, 0xff, 0x90, 0x0, 0x0, 0x0, 0x4, 0x9d,
    0xef, 0xec, 0x82, 0x0, 0x0,

    /* U+0070 "p" */
    0xdf, 0xff, 0x40, 0x19, 0xdf, 0xfd, 0x81, 0x0,
    0xd, 0xff, 0xf4, 0x4f, 0xff, 0xff, 0xff, 0xf5,
    0x0, 0xdf, 0xff, 0x5f, 0xff, 0xff, 0xff, 0xff,
    0xf3, 0xd, 0xff, 0xfc, 0xfe, 0xa8, 0xae, 0xff,
    0xff, 0xd0, 0xdf, 0xff, 0xfa, 0x0, 0x0, 0x8,
    0xff, 0xff, 0x4d, 0xff, 0xfd, 0x0, 0x0, 0x0,
    0xc, 0xff, 0xf9, 0xdf, 0xff, 0x70, 0x0, 0x0,
    0x0, 0x7f, 0xff, 0xbd, 0xff, 0xf5, 0x0, 0x0,
    0x0, 0x5, 0xff, 0xfc, 0xdf, 0xff, 0x40, 0x0,
    0x0, 0x0, 0x5f, 0xff, 0xcd, 0xff, 0xf4, 0x0,
    0x0, 0x0, 0x5, 0xff, 0xfc, 0xdf, 0xff, 0x40,
    0x0, 0x0, 0x0, 0x5f, 0xff, 0xcd, 0xff, 0xf4,
    0x0, 0x0, 0x0, 0x5, 0xff, 0xfc, 0xdf, 0xff,
    0x40, 0x0, 0x0, 0x0, 0x5f, 0xff, 0xcd, 0xff,
    0xf5, 0x0, 0x0, 0x0, 0x5, 0xff, 0xfc, 0xdf,
    0xff, 0x70, 0x0, 0x0, 0x0, 0x7f, 0xff, 0xbd,
    0xff, 0xfd, 0x0, 0x0, 0x0, 0xc, 0xff, 0xf9,
    0xdf, 0xff, 0xf9, 0x0, 0x0, 0x8, 0xff, 0xff,
    0x4d, 0xff, 0xfb, 0xfe, 0xa8, 0xae, 0xff, 0xff,
    0xd0, 0xdf, 0xff, 0x5e, 0xff, 0xff, 0xff, 0xff,
    0xf4, 0xd, 0xff, 0xf3, 0x3f, 0xff, 0xff, 0xff,
    0xf5, 0x0, 0xdf, 0xff, 0x40, 0x18, 0xdf, 0xfd,
    0x81, 0x0, 0xd, 0xff, 0xf4, 0x0, 0x0, 0x0,
    0x0, 0x0, 0x0, 0xdf, 0xff, 0x40, 0x0, 0x0,
    0x0, 0x0, 0x0, 0xd, 0xff, 0xf4, 0x0, 0x0,
    0x0, 0x0, 0x0, 0x0, 0xdf, 0xff, 0x40, 0x0,
    0x0, 0x0, 0x0, 0x0, 0xd, 0xff, 0xf4, 0x0,
    0x0, 0x0, 0x0, 0x0, 0x0, 0xdf, 0xff, 0x40,
    0x0, 0x0, 0x0, 0x0, 0x0, 0xd, 0xff, 0xf4,
    0x0, 0x0, 0x0, 0x0, 0x0, 0x0,

    /* U+0071 "q" */
    0x0, 0x3, 0x9d, 0xff, 0xc7, 0x0, 0x7f, 0xff,
    0x90, 0x8, 0xff, 0xff, 0xff, 0xfe, 0x27, 0xff,
    0xf9, 0x7, 0xff, 0xff, 0xff, 0xff, 0xfd, 0x7f,
    0xff, 0x91, 0xff, 0xff, 0xfd, 0xa8, 0xaf, 0xfc,
    0xff, 0xf9, 0x8f, 0xff, 0xf5, 0x0, 0x0, 0x1c,
    0xff, 0xff, 0x9c, 0xff, 0xf8, 0x0, 0x0, 0x0,
    0x1f, 0xff, 0xf9, 0xef, 0xff, 0x30, 0x0, 0x0,
    0x0, 0xaf, 0xff, 0x9f, 0xff, 0xf1, 0x0, 0x0,
    0x0, 0x8, 0xff, 0xf9, 0xff, 0xff, 0x10, 0x0,
    0x0, 0x0, 0x8f, 0xff, 0x9f, 0xff, 0xf1, 0x0,
    0x0, 0x0, 0x8, 0xff, 0xf9, 0xff, 0xff, 0x10,
    0x0, 0x0, 0x0, 0x8f, 0xff, 0x9f, 0xff, 0xf1,
    0x0, 0x0, 0x0, 0x8, 0xff, 0xf9, 0xff, 0xff,
    0x10, 0x0, 0x0, 0x0, 0x8f, 0xff, 0x9f, 0xff,
    0xf1, 0x0, 0x0, 0x0, 0x8, 0xff, 0xf9, 0xef,
    0xff, 0x30, 0x0, 0x0, 0x0, 0xaf, 0xff, 0x9c,
    0xff, 0xf8, 0x0, 0x0, 0x0, 0x1f, 0xff, 0xf9,
    0x8f, 0xff, 0xf5, 0x0, 0x0, 0x1c, 0xff, 0xff,
    0x91, 0xff, 0xff, 0xfd, 0xa8, 0xaf, 0xfb, 0xff,
    0xf9, 0x7, 0xff, 0xff, 0xff, 0xff, 0xfd, 0x6f,
    0xff, 0x90, 0x8, 0xff, 0xff, 0xff, 0xfd, 0x27,
    0xff, 0xf9, 0x0, 0x3, 0x9d, 0xff, 0xc7, 0x0,
    0x7f, 0xff, 0x90, 0x0, 0x0, 0x0, 0x0, 0x0,
    0x7, 0xff, 0xf9, 0x0, 0x0, 0x0, 0x0, 0x0,
    0x0, 0x8f, 0xff, 0x90, 0x0, 0x0, 0x0, 0x0,
    0x0, 0x8, 0xff, 0xf9, 0x0, 0x0, 0x0, 0x0,
    0x0, 0x0, 0x8f, 0xff, 0x90, 0x0, 0x0, 0x0,
    0x0, 0x0, 0x8, 0xff, 0xf9, 0x0, 0x0, 0x0,
    0x0, 0x0, 0x0, 0x8f, 0xff, 0x90, 0x0, 0x0,
    0x0, 0x0, 0x0, 0x8, 0xff, 0xf9,

    /* U+0072 "r" */
    0xf, 0xff, 0xf0, 0x4, 0xae, 0xfe, 0xc8, 0x10,
    0x0, 0xf, 0xff, 0xf0, 0x8f, 0xff, 0xff, 0xff,
    0xe3, 0x0, 0xf, 0xff, 0xf5, 0xff, 0xff, 0xff,
    0xff, 0xff, 0x20, 0xf, 0xff, 0xfc, 0xfd, 0x98,
    0xae, 0xff, 0xff, 0xb0, 0xf, 0xff, 0xff, 0x60,
    0x0, 0x0, 0xbf, 0xff, 0xf1, 0xf, 0xff, 0xfa,
    0x0, 0x0, 0x0, 0x1f, 0xff, 0xf5, 0xf, 0xff,
    0xf4, 0x0, 0x0, 0x0, 0xb, 0xff, 0xf7, 0xf,
    0xff, 0xf1, 0x0, 0x0, 0x0, 0x9, 0xff, 0xf8,
    0xf, 0xff, 0xf1, 0x0, 0x0, 0x0, 0x9, 0xff,
    0xf8, 0xf, 0xff, 0xf1, 0x0, 0x0, 0x0, 0x3,
    0x66, 0x63, 0xf, 0xff, 0xf1, 0x0, 0x0, 0x0,
    0x0, 0x0, 0x0, 0xf, 0xff, 0xf1, 0x0, 0x0,
    0x0, 0x0, 0x0, 0x0, 0xf, 0xff, 0xf1, 0x0,
    0x0, 0x0, 0x0, 0x0, 0x0, 0xf, 0xff, 0xf1,
    0x0, 0x0, 0x0, 0x0, 0x0, 0x0, 0xf, 0xff,
    0xf1, 0x0, 0x0, 0x0, 0x0, 0x0, 0x0, 0xf,
    0xff, 0xf1, 0x0, 0x0, 0x0, 0x0, 0x0, 0x0,
    0xf, 0xff, 0xf1, 0x0, 0x0, 0x0, 0x0, 0x0,
    0x0, 0xf, 0xff, 0xf1, 0x0, 0x0, 0x0, 0x0,
    0x0, 0x0, 0xf, 0xff, 0xf1, 0x0, 0x0, 0x0,
    0x0, 0x0, 0x0, 0xf, 0xff, 0xf1, 0x0, 0x0,
    0x0, 0x0, 0x0, 0x0, 0xf, 0xff, 0xf1, 0x0,
    0x0, 0x0, 0x0, 0x0, 0x0,

    /* U+0073 "s" */
    0x0, 0x0, 0x4a, 0xdf, 0xff, 0xfe, 0xc7, 0x10,
    0x0, 0x0, 0x1b, 0xff, 0xff, 0xff, 0xff, 0xff,
    0xf6, 0x0, 0x0, 0xdf, 0xff, 0xff, 0xff, 0xff,
    0xff, 0xff, 0x70, 0x6, 0xff, 0xff, 0xb6, 0x44,
    0x47, 0xdf, 0xff, 0xf2, 0xb, 0xff, 0xf8, 0x0,
    0x0, 0x0, 0xd, 0xff, 0xf7, 0xd, 0xff, 0xf2,
    0x0, 0x0, 0x0, 0x4, 0x88, 0x85, 0xd, 0xff,
    0xf3, 0x0, 0x0, 0x0, 0x0, 0x0, 0x0, 0xb,
    0xff, 0xfc, 0x20, 0x0, 0x0, 0x0, 0x0, 0x0,
    0x5, 0xff, 0xff, 0xfe, 0xca, 0x86, 0x41, 0x0,
    0x0, 0x0, 0xcf, 0xff, 0xff, 0xff, 0xff, 0xff,
    0xc4, 0x0, 0x0, 0xa, 0xff, 0xff, 0xff, 0xff,
    0xff, 0xff, 0x60, 0x0, 0x0, 0x26, 0x9b, 0xdf,
    0xff, 0xff, 0xff, 0xf3, 0x0, 0x0, 0x0, 0x0,
    0x0, 0x14, 0x8f, 0xff, 0xf9, 0x0, 0x0, 0x0,
    0x0, 0x0, 0x0, 0x6, 0xff, 0xfd, 0x1, 0x11,
    0x0, 0x0, 0x0, 0x0, 0x1, 0xff, 0xff, 0x1f,
    0xff, 0xf0, 0x0, 0x0, 0x0, 0x2, 0xff, 0xfe,
    0xf, 0xff, 0xf8, 0x0, 0x0, 0x0, 0x9, 0xff,
    0xfc, 0x9, 0xff, 0xff, 0xc7, 0x55, 0x67, 0xdf,
    0xff, 0xf7, 0x1, 0xef, 0xff, 0xff, 0xff, 0xff,
    0xff, 0xff, 0xc0, 0x0, 0x2c, 0xff, 0xff, 0xff,
    0xff, 0xff, 0xfb, 0x10, 0x0, 0x0, 0x49, 0xdf,
    0xff, 0xfe, 0xc9, 0x30, 0x0,

    /* U+0074 "t" */
    0x0, 0x0, 0x0, 0x48, 0x88, 0x40, 0x0, 0x0,
    0x0, 0x0, 0x0, 0x0, 0x8, 0xff, 0xf8, 0x0,
    0x0, 0x0, 0x0, 0x0, 0x0, 0x0, 0x8f, 0xff,
    0x80, 0x0, 0x0, 0x0, 0x0, 0x0, 0x0, 0x8,
    0xff, 0xf8, 0x0, 0x0, 0x0, 0x0, 0x0, 0x0,
    0x0, 0x8f, 0xff, 0x80, 0x0, 0x0, 0x0, 0x0,
    0x0, 0x0, 0x8, 0xff, 0xf8, 0x0, 0x0, 0x0,
    0x0, 0x7f, 0xff, 0xff, 0xff, 0xff, 0xff, 0xff,
    0xff, 0xff, 0xf7, 0xff, 0xff, 0xff, 0xff, 0xff,
    0xff, 0xff, 0xff, 0xff, 0x7f, 0xff, 0xff, 0xff,
    0xff, 0xff, 0xff, 0xff, 0xff, 0xf4, 0xaa, 0xaa,
    0xad, 0xff, 0xfd, 0xaa, 0xaa, 0xaa, 0xaa, 0x0,
    0x0, 0x0, 0x8f, 0xff, 0x80, 0x0, 0x0, 0x0,
    0x0, 0x0, 0x0, 0x8, 0xff, 0xf8, 0x0, 0x0,
    0x0, 0x0, 0x0, 0x0, 0x0, 0x8f, 0xff, 0x80,
    0x0, 0x0, 0x0, 0x0, 0x0, 0x0, 0x8, 0xff,
    0xf8, 0x0, 0x0, 0x0, 0x0, 0x0, 0x0, 0x0,
    0x8f, 0xff, 0x80, 0x0, 0x0, 0x0, 0x0, 0x0,
    0x0, 0x8, 0xff, 0xf8, 0x0, 0x0, 0x0, 0x0,
    0x0, 0x0, 0x0, 0x8f, 0xff, 0x80, 0x0, 0x0,
    0x0, 0x0, 0x0, 0x0, 0x8, 0xff, 0xf8, 0x0,
    0x0, 0x0, 0x0, 0x0, 0x0, 0x0, 0x8f, 0xff,
    0x80, 0x0, 0x0, 0x0, 0x0, 0x0, 0x0, 0x8,
    0xff, 0xf8, 0x0, 0x0, 0x0, 0x0, 0x0, 0x0,
    0x0, 0x8f, 0xff, 0x80, 0x0, 0x0, 0x0, 0x0,
    0x0, 0x0, 0x8, 0xff, 0xf9, 0x0, 0x0, 0x0,
    0x0, 0x0, 0x0, 0x0, 0x6f, 0xff, 0xe1, 0x0,
    0x0, 0x0, 0x0, 0x0, 0x0, 0x1, 0xff, 0xff,
    0xfb, 0xaa, 0xaa, 0xa8, 0x0, 0x0, 0x0, 0x9,
    0xff, 0xff, 0xff, 0xff, 0xff, 0xc0, 0x0, 0x0,
    0x0, 0xb, 0xff, 0xff, 0xff, 0xff, 0xfc, 0x0,
    0x0, 0x0, 0x0, 0x5, 0xbe, 0xff, 0xff, 0xff,
    0xc0,

    /* U+0075 "u" */
    0xef, 0xff, 0x30, 0x0, 0x0, 0x0, 0x6f, 0xff,
    0xbe, 0xff, 0xf3, 0x0, 0x0, 0x0, 0x6, 0xff,
    0xfb, 0xef, 0xff, 0x30, 0x0, 0x0, 0x0, 0x6f,
    0xff, 0xbe, 0xff, 0xf3, 0x0, 0x0, 0x0, 0x6,
    0xff, 0xfb, 0xef, 0xff, 0x30, 0x0, 0x0, 0x0,
    0x6f, 0xff, 0xbe, 0xff, 0xf3, 0x0, 0x0, 0x0,
    0x6, 0xff, 0xfb, 0xef, 0xff, 0x30, 0x0, 0x0,
    0x0, 0x6f, 0xff, 0xbe, 0xff, 0xf3, 0x0, 0x0,
    0x0, 0x6, 0xff, 0xfb, 0xef, 0xff, 0x30, 0x0,
    0x0, 0x0, 0x6f, 0xff, 0xbe, 0xff, 0xf3, 0x0,
    0x0, 0x0, 0x6, 0xff, 0xfb, 0xef, 0xff, 0x30,
    0x0, 0x0, 0x0, 0x6f, 0xff, 0xbe, 0xff, 0xf3,
    0x0, 0x0, 0x0, 0x6, 0xff, 0xfb, 0xef, 0xff,
    0x30, 0x0, 0x0, 0x0, 0x6f, 0xff, 0xad, 0xff,
    0xf4, 0x0, 0x0, 0x0, 0x7, 0xff, 0xfa, 0xcf,
    0xff, 0x60, 0x0, 0x0, 0x0, 0xaf, 0xff, 0x88,
    0xff, 0xfc, 0x0, 0x0, 0x0, 0x1f, 0xff, 0xf5,
    0x3f, 0xff, 0xf9, 0x0, 0x0, 0x1c, 0xff, 0xff,
    0x0, 0xbf, 0xff, 0xfe, 0x98, 0xaf, 0xff, 0xff,
    0x70, 0x1, 0xdf, 0xff, 0xff, 0xff, 0xff, 0xff,
    0xb0, 0x0, 0x1, 0xbf, 0xff, 0xff, 0xff, 0xff,
    0x80, 0x0, 0x0, 0x0, 0x39, 0xdf, 0xfe, 0xc8,
    0x20, 0x0, 0x0,

    /* U+0076 "v" */
    0x2f, 0xff, 0xf3, 0x0, 0x0, 0x0, 0x0, 0x6,
    0xff, 0xfe, 0x0, 0xcf, 0xff, 0x80, 0x0, 0x0,
    0x0, 0x0, 0xbf, 0xff, 0x90, 0x7, 0xff, 0xfd,
    0x0, 0x0, 0x0, 0x0, 0xf, 0xff, 0xf4, 0x0,
    0x1f, 0xff, 0xf2, 0x0, 0x0, 0x0, 0x5, 0xff,
    0xfe, 0x0, 0x0, 0xcf, 0xff, 0x70, 0x0, 0x0,
    0x0, 0xaf, 0xff, 0x90, 0x0, 0x7, 0xff, 0xfc,
    0x0, 0x0, 0x0, 0xf, 0xff, 0xf4, 0x0, 0x0,
    0x1f, 0xff, 0xf2, 0x0, 0x0, 0x4, 0xff, 0xfe,
    0x0, 0x0, 0x0, 0xcf, 0xff, 0x70, 0x0, 0x0,
    0x9f, 0xff, 0x90, 0x0, 0x0, 0x6, 0xff, 0xfc,
    0x0, 0x0, 0xe, 0xff, 0xf3, 0x0, 0x0, 0x0,
    0x1f, 0xff, 0xf1, 0x0, 0x4, 0xff, 0xfe, 0x0,
    0x0, 0x0, 0x0, 0xcf, 0xff, 0x60, 0x0, 0x9f,
    0xff, 0x90, 0x0, 0x0, 0x0, 0x6, 0xff, 0xfb,
    0x0, 0xe, 0xff, 0xf3, 0x0, 0x0, 0x0, 0x0,
    0x1f, 0xff, 0xf1, 0x3, 0xff, 0xfe, 0x0, 0x0,
    0x0, 0x0, 0x0, 0xcf, 0xff, 0x50, 0x8f, 0xff,
    0x90, 0x0, 0x0, 0x0, 0x0, 0x6, 0xff, 0xfa,
    0xc, 0xff, 0xf3, 0x0, 0x0, 0x0, 0x0, 0x0,
    0x1f, 0xff, 0xe1, 0xff, 0xfe, 0x0, 0x0, 0x0,
    0x0, 0x0, 0x0, 0xbf, 0xff, 0x7f, 0xff, 0x90,
    0x0, 0x0, 0x0, 0x0, 0x0, 0x6, 0xff, 0xfe,
    0xff, 0xf3, 0x0, 0x0, 0x0, 0x0, 0x0, 0x0,
    0x1f, 0xff, 0xff, 0xfe, 0x0, 0x0, 0x0, 0x0,
    0x0, 0x0, 0x0, 0xbf, 0xff, 0xff, 0x90, 0x0,
    0x0, 0x0, 0x0, 0x0, 0x0, 0x6, 0xff, 0xff,
    0xf3, 0x0, 0x0, 0x0, 0x0,

    /* U+0077 "w" */
    0xf, 0xff, 0x50, 0x0, 0x8, 0xff, 0xf5, 0x0,
    0x0, 0x6f, 0xfd, 0xe, 0xff, 0x70, 0x0, 0xb,
    0xff, 0xf8, 0x0, 0x0, 0x9f, 0xfa, 0xb, 0xff,
    0x90, 0x0, 0xd, 0xff, 0xfb, 0x0, 0x0, 0xbf,
    0xf8, 0x9, 0xff, 0xc0, 0x0, 0xf, 0xfe, 0xfe,
    0x0, 0x0, 0xdf, 0xf5, 0x6, 0xff, 0xe0, 0x0,
    0x3f, 0xfa, 0xff, 0x0, 0x0, 0xff, 0xf2, 0x4,
    0xff, 0xf0, 0x0, 0x6f, 0xf6, 0xff, 0x30, 0x2,
    0xff, 0xf0, 0x1, 0xff, 0xf2, 0x0, 0x9f, 0xf2,
    0xff, 0x60, 0x4, 0xff, 0xd0, 0x0, 0xef, 0xf5,
    0x0, 0xbf, 0xd0, 0xff, 0x90, 0x7, 0xff, 0xb0,
    0x0, 0xcf, 0xf7, 0x0, 0xef, 0xa0, 0xdf, 0xc0,
    0x9, 0xff, 0x80, 0x0, 0x9f, 0xf9, 0x1, 0xff,
    0x80, 0xbf, 0xe0, 0xc, 0xff, 0x50, 0x0, 0x7f,
    0xfc, 0x4, 0xff, 0x50, 0x8f, 0xf1, 0xe, 0xff,
    0x30, 0x0, 0x4f, 0xfe, 0x7, 0xff, 0x20, 0x6f,
    0xf4, 0xf, 0xff, 0x0, 0x0, 0x2f, 0xff, 0xa,
    0xff, 0x0, 0x3f, 0xf7, 0x3f, 0xfd, 0x0, 0x0,
    0xf, 0xff, 0x3c, 0xfd, 0x0, 0x1f, 0xfa, 0x5f,
    0xfb, 0x0, 0x0, 0xd, 0xff, 0x5f, 0xfa, 0x0,
    0xe, 0xfc, 0x7f, 0xf8, 0x0, 0x0, 0xa, 0xff,
    0x8f, 0xf8, 0x0, 0xb, 0xfe, 0x9f, 0xf5, 0x0,
    0x0, 0x8, 0xff, 0xbf, 0xf5, 0x0, 0x9, 0xff,
    0xbf, 0xf3, 0x0, 0x0, 0x5, 0xff, 0xef, 0xf2,
    0x0, 0x6, 0xff, 0xef, 0xf0, 0x0, 0x0, 0x2,
    0xff, 0xff, 0xf0, 0x0, 0x4, 0xff, 0xff, 0xe0,
    0x0, 0x0, 0x0, 0xff, 0xff, 0xd0, 0x0, 0x1,
    0xff, 0xff, 0xb0, 0x0, 0x0, 0x0, 0xdf, 0xff,
    0xa0, 0x0, 0x0, 0xff, 0xff, 0x80, 0x0,

    /* U+0078 "x" */
    0x9, 0xff, 0xff, 0x20, 0x0, 0x0, 0x0, 0x5f,
    0xff, 0xf6, 0x0, 0xd, 0xff, 0xfb, 0x0, 0x0,
    0x0, 0xe, 0xff, 0xfb, 0x0, 0x0, 0x3f, 0xff,
    0xf6, 0x0, 0x0, 0x9, 0xff, 0xff, 0x10, 0x0,
    0x0, 0x8f, 0xff, 0xe1, 0x0, 0x3, 0xff, 0xff,
    0x60, 0x0, 0x0, 0x0, 0xdf, 0xff, 0xa0, 0x0,
    0xdf, 0xff, 0xb0, 0x0, 0x0, 0x0, 0x3, 0xff,
    0xff, 0x40, 0x7f, 0xff, 0xe1, 0x0, 0x0, 0x0,
    0x0, 0x8, 0xff, 0xfd, 0x1f, 0xff, 0xf5, 0x0,
    0x0, 0x0, 0x0, 0x0, 0xc, 0xff, 0xfd, 0xff,
    0xfa, 0x0, 0x0, 0x0, 0x0, 0x0, 0x0, 0x2f,
    0xff, 0xff, 0xfe, 0x10, 0x0, 0x0, 0x0, 0x0,
    0x0, 0x0, 0x7f, 0xff, 0xff, 0x50, 0x0, 0x0,
    0x0, 0x0, 0x0, 0x0, 0x4, 0xff, 0xff, 0xf2,
    0x0, 0x0, 0x0, 0x0, 0x0, 0x0, 0x0, 0xef,
    0xff, 0xff, 0xc0, 0x0, 0x0, 0x0, 0x0, 0x0,
    0x0, 0x9f, 0xff, 0xff, 0xff, 0x60, 0x0, 0x0,
    0x0, 0x0, 0x0, 0x4f, 0xff, 0xf4, 0xff, 0xff,
    0x20, 0x0, 0x0, 0x0, 0x0, 0x1e, 0xff, 0xf8,
    0xb, 0xff, 0xfc, 0x0, 0x0, 0x0, 0x0, 0xa,
    0xff, 0xfd, 0x0, 0x2f, 0xff, 0xf7, 0x0, 0x0,
    0x0, 0x5, 0xff, 0xff, 0x30, 0x0, 0x7f, 0xff,
    0xf2, 0x0, 0x0, 0x1, 0xef, 0xff, 0x90, 0x0,
    0x0, 0xcf, 0xff, 0xc0, 0x0, 0x0, 0xaf, 0xff,
    0xe0, 0x0, 0x0, 0x2, 0xff, 0xff, 0x70, 0x0,
    0x5f, 0xff, 0xf4, 0x0, 0x0, 0x0, 0x8, 0xff,
    0xff, 0x20, 0x1e, 0xff, 0xfa, 0x0, 0x0, 0x0,
    0x0, 0xd, 0xff, 0xfc, 0x0,

    /* U+0079 "y" */
    0x1f, 0xff, 0xf4, 0x0, 0x0, 0x0, 0x0, 0x6,
    0xff, 0xfe, 0x0, 0xbf, 0xff, 0xa0, 0x0, 0x0,
    0x0, 0x0, 0xcf, 0xff, 0x80, 0x5, 0xff, 0xff,
    0x0, 0x0, 0x0, 0x0, 0x1f, 0xff, 0xf2, 0x0,
    0xe, 0xff, 0xf6, 0x0, 0x0, 0x0, 0x7, 0xff,
    0xfc, 0x0, 0x0, 0x8f, 0xff, 0xc0, 0x0, 0x0,
    0x0, 0xcf, 0xff, 0x70, 0x0, 0x2, 0xff, 0xff,
    0x20, 0x0, 0x0, 0x2f, 0xff, 0xf1, 0x0, 0x0,
    0xb, 0xff, 0xf8, 0x0, 0x0, 0x8, 0xff, 0xfb,
    0x0, 0x0, 0x0, 0x5f, 0xff, 0xe0, 0x0, 0x0,
    0xdf, 0xff, 0x50, 0x0, 0x0, 0x0, 0xef, 0xff,
    0x40, 0x0, 0x3f, 0xff, 0xe0, 0x0, 0x0, 0x0,
    0x8, 0xff, 0xfa, 0x0, 0x8, 0xff, 0xf9, 0x0,
    0x0, 0x0, 0x0, 0x2f, 0xff, 0xf0, 0x0, 0xef,
    0xff, 0x30, 0x0, 0x0, 0x0, 0x0, 0xcf, 0xff,
    0x60, 0x4f, 0xff, 0xd0, 0x0, 0x0, 0x0, 0x0,
    0x6, 0xff, 0xfb, 0x9, 0xff, 0xf7, 0x0, 0x0,
    0x0, 0x0, 0x0, 0xf, 0xff, 0xf1, 0xef, 0xff,
    0x20, 0x0, 0x0, 0x0, 0x0, 0x0, 0x9f, 0xff,
    0x8f, 0xff, 0xc0, 0x0, 0x0, 0x0, 0x0, 0x0,
    0x3, 0xff, 0xff, 0xff, 0xf6, 0x0, 0x0, 0x0,
    0x0, 0x0, 0x0, 0xc, 0xff, 0xff, 0xff, 0x0,
    0x0, 0x0, 0x0, 0x0, 0x0, 0x0, 0x6f, 0xff,
    0xff, 0xa0, 0x0, 0x0, 0x0, 0x0, 0x0, 0x0,
    0x0, 0xff, 0xff, 0xf4, 0x0, 0x0, 0x0, 0x0,
    0x0, 0x0, 0x0, 0x9, 0xff, 0xfe, 0x0, 0x0,
    0x0, 0x0, 0x0, 0x0, 0x0, 0x0, 0xbf, 0xff,
    0x80, 0x0, 0x0, 0x0, 0x0, 0x0, 0x0, 0x0,
    0x1f, 0xff, 0xf2, 0x0, 0x0, 0x0, 0x0, 0x0,
    0x0, 0x0, 0x7, 0xff, 0xfd, 0x0, 0x0, 0x0,
    0x0, 0x0, 0x0, 0x0, 0x0, 0xdf, 0xff, 0x70,
    0x0, 0x0, 0x0, 0x0, 0x0, 0x0, 0x0, 0x3f,
    0xff, 0xf1, 0x0, 0x0, 0x0, 0x0, 0x0, 0x0,
    0x0, 0x9, 0xff, 0xfb, 0x0, 0x0, 0x0, 0x0,
    0x0, 0x0, 0x0, 0x0, 0xef, 0xff, 0x50, 0x0,
    0x0, 0x0, 0x0, 0x0, 0x0, 0x0, 0x5f, 0xff,
    0xf0, 0x0, 0x0, 0x0, 0x0, 0x0,

    /* U+007A "z" */
    0x7f, 0xff, 0xff, 0xff, 0xff, 0xff, 0xff, 0xff,
    0x37, 0xff, 0xff, 0xff, 0xff, 0xff, 0xff, 0xff,
    0xf3, 0x7f, 0xff, 0xff, 0xff, 0xff, 0xff, 0xff,
    0xff, 0x34, 0x99, 0x99, 0x99, 0x99, 0x99, 0xdf,
    0xff, 0xf2, 0x0, 0x0, 0x0, 0x0, 0x0, 0x4f,
    0xff, 0xf9, 0x0, 0x0, 0x0, 0x0, 0x0, 0x2f,
    0xff, 0xfc, 0x0, 0x0, 0x0, 0x0, 0x0, 0x1d,
    0xff, 0xfd, 0x10, 0x0, 0x0, 0x0, 0x0, 0xb,
    0xff, 0xfe, 0x20, 0x0, 0x0, 0x0, 0x0, 0x9,
    0xff, 0xff, 0x40, 0x0, 0x0, 0x0, 0x0, 0x6,
    0xff, 0xff, 0x60, 0x0, 0x0, 0x0, 0x0, 0x4,
    0xff, 0xff, 0x90, 0x0, 0x0, 0x0, 0x0, 0x2,
    0xef, 0xff, 0xb0, 0x0, 0x0, 0x0, 0x0, 0x1,
    0xdf, 0xff, 0xd0, 0x0, 0x0, 0x0, 0x0, 0x0,
    0xbf, 0xff, 0xe2, 0x0, 0x0, 0x0, 0x0, 0x0,
    0x9f, 0xff, 0xf3, 0x0, 0x0, 0x0, 0x0, 0x0,
    0x6f, 0xff, 0xf5, 0x0, 0x0, 0x0, 0x0, 0x0,
    0x4f, 0xff, 0xf8, 0x0, 0x0, 0x0, 0x0, 0x0,
    0xc, 0xff, 0xff, 0x99, 0x99, 0x99, 0x99, 0x99,
    0x95, 0xdf, 0xff, 0xff, 0xff, 0xff, 0xff, 0xff,
    0xff, 0x9d, 0xff, 0xff, 0xff, 0xff, 0xff, 0xff,
    0xff, 0xf9, 0xdf, 0xff, 0xff, 0xff, 0xff, 0xff,
    0xff, 0xff, 0x90,

    /* U+007B "{" */
    0x0, 0x0, 0x0, 0x0, 0x0, 0x5, 0xad, 0xff,
    0xf4, 0x0, 0x0, 0x0, 0x0, 0x1, 0xcf, 0xff,
    0xff, 0xf4, 0x0, 0x0, 0x0, 0x0, 0xd, 0xff,
    0xff, 0xff, 0xf4, 0x0, 0x0, 0x0, 0x0, 0x7f,
    0xff, 0xff, 0xcb, 0xa3, 0x0, 0x0, 0x0, 0x0,
    0xcf, 0xff, 0xd2, 0x0, 0x0, 0x0, 0x0, 0x0,
    0x0, 0xdf, 0xff, 0x50, 0x0, 0x0, 0x0, 0x0,
    0x0, 0x0, 0xcf, 0xff, 0x40, 0x0, 0x0, 0x0,
    0x0, 0x0, 0x0, 0xbf, 0xff, 0x60, 0x0, 0x0,
    0x0, 0x0, 0x0, 0x0, 0x9f, 0xff, 0x70, 0x0,
    0x0, 0x0, 0x0, 0x0, 0x0, 0x7f, 0xff, 0x90,
    0x0, 0x0, 0x0, 0x0, 0x0, 0x0, 0x6f, 0xff,
    0xa0, 0x0, 0x0, 0x0, 0x0, 0x0, 0x0, 0x4f,
    0xff, 0xc0, 0x0, 0x0, 0x0, 0x0, 0x0, 0x0,
    0x4f, 0xff, 0xd0, 0x0, 0x0, 0x0, 0x0, 0x0,
    0x0, 0x5f, 0xff, 0xc0, 0x0, 0x0, 0x0, 0x0,
    0x0, 0x1, 0xdf, 0xff, 0x80, 0x0, 0x0, 0x2b,
    0xbb, 0xbb, 0xcf, 0xff, 0xfc, 0x0, 0x0, 0x0,
    0x4f, 0xff, 0xff, 0xff, 0xfc, 0x60, 0x0, 0x0,
    0x0, 0x4f, 0xff, 0xff, 0xff, 0xd9, 0x30, 0x0,
    0x0, 0x0, 0x4f, 0xff, 0xff, 0xff, 0xff, 0xf7,
    0x0, 0x0, 0x0, 0x0, 0x0, 0x0, 0x16, 0xff,
    0xff, 0x40, 0x0, 0x0, 0x0, 0x0, 0x0, 0x0,
    0x8f, 0xff, 0xb0, 0x0, 0x0, 0x0, 0x0, 0x0,
    0x0, 0x4f, 0xff, 0xd0, 0x0, 0x0, 0x0, 0x0,
    0x0, 0x0, 0x4f, 0xff, 0xd0, 0x0, 0x0, 0x0,
    0x0, 0x0, 0x0, 0x5f, 0xff, 0xb0, 0x0, 0x0,
    0x0, 0x0, 0x0, 0x0, 0x7f, 0xff, 0xa0, 0x0,
    0x0, 0x0, 0x0, 0x0, 0x0, 0x8f, 0xff, 0x80,
    0x0, 0x0, 0x0, 0x0, 0x0, 0x0, 0xaf, 0xff,
    0x70, 0x0, 0x0, 0x0, 0x0, 0x0, 0x0, 0xbf,
    0xff, 0x50, 0x0, 0x0, 0x0, 0x0, 0x0, 0x0,
    0xcf, 0xff, 0x40, 0x0, 0x0, 0x0, 0x0, 0x0,
    0x0, 0xdf, 0xff, 0x60, 0x0, 0x0, 0x0, 0x0,
    0x0, 0x0, 0xbf, 0xff, 0xd2, 0x0, 0x0, 0x0,
    0x0, 0x0, 0x0, 0x6f, 0xff, 0xff, 0xca, 0xa3,
    0x0, 0x0, 0x0, 0x0, 0xc, 0xff, 0xff, 0xff,
    0xf4, 0x0, 0x0, 0x0, 0x0, 0x1, 0xbf, 0xff,
    0xff, 0xf4, 0x0, 0x0, 0x0, 0x0, 0x0, 0x4,
    0xad, 0xff, 0xf4,

    /* U+007C "|" */
    0x24, 0x44, 0x1a, 0xff, 0xf7, 0xaf, 0xff, 0x7a,
    0xff, 0xf7, 0xaf, 0xff, 0x7a, 0xff, 0xf7, 0xaf,
    0xff, 0x7a, 0xff, 0xf7, 0xaf, 0xff, 0x7a, 0xff,
    0xf7, 0xaf, 0xff, 0x7a, 0xff, 0xf7, 0xaf, 0xff,
    0x7a, 0xff, 0xf7, 0xaf, 0xff, 0x7a, 0xff, 0xf7,
    0xaf, 0xff, 0x7a, 0xff, 0xf7, 0xaf, 0xff, 0x7a,
    0xff, 0xf7, 0xaf, 0xff, 0x7a, 0xff, 0xf7, 0xaf,
    0xff, 0x7a, 0xff, 0xf7, 0xaf, 0xff, 0x7a, 0xff,
    0xf7, 0xaf, 0xff, 0x7a, 0xff, 0xf7, 0xaf, 0xff,
    0x7a, 0xff, 0xf7, 0xaf, 0xff, 0x7a, 0xff, 0xf7,
    0xaf, 0xff, 0x7a, 0xff, 0xf7, 0xaf, 0xff, 0x7a,
    0xff, 0xf7,

    /* U+007D "}" */
    0x8f, 0xfe, 0xd9, 0x30, 0x0, 0x0, 0x0, 0x0,
    0x0, 0x8f, 0xff, 0xff, 0xfa, 0x0, 0x0, 0x0,
    0x0, 0x0, 0x8f, 0xff, 0xff, 0xff, 0xb0, 0x0,
    0x0, 0x0, 0x0, 0x5a, 0xbd, 0xff, 0xff, 0xf5,
    0x0, 0x0, 0x0, 0x0, 0x0, 0x0, 0x3e, 0xff,
    0xfa, 0x0, 0x0, 0x0, 0x0, 0x0, 0x0, 0x8,
    0xff, 0xfb, 0x0, 0x0, 0x0, 0x0, 0x0, 0x0,
    0x7, 0xff, 0xf9, 0x0, 0x0, 0x0, 0x0, 0x0,
    0x0, 0x9, 0xff, 0xf7, 0x0, 0x0, 0x0, 0x0,
    0x0, 0x0, 0xb, 0xff, 0xf5, 0x0, 0x0, 0x0,
    0x0, 0x0, 0x0, 0xe, 0xff, 0xf2, 0x0, 0x0,
    0x0, 0x0, 0x0, 0x0, 0xf, 0xff, 0xf0, 0x0,
    0x0, 0x0, 0x0, 0x0, 0x0, 0x2f, 0xff, 0xe0,
    0x0, 0x0, 0x0, 0x0, 0x0, 0x0, 0x4f, 0xff,
    0xc0, 0x0, 0x0, 0x0, 0x0, 0x0, 0x0, 0x4f,
    0xff, 0xd0, 0x0, 0x0, 0x0, 0x0, 0x0, 0x0,
    0x1f, 0xff, 0xf6, 0x0, 0x0, 0x0, 0x0, 0x0,
    0x0, 0x6, 0xff, 0xff, 0xeb, 0xbb, 0xbb, 0xb0,
    0x0, 0x0, 0x0, 0x3a, 0xff, 0xff, 0xff, 0xff,
    0xf1, 0x0, 0x0, 0x0, 0x2a, 0xff, 0xff, 0xff,
    0xff, 0xf1, 0x0, 0x0, 0x3, 0xff, 0xff, 0xff,
    0xff, 0xff, 0xf1, 0x0, 0x0, 0xd, 0xff, 0xfb,
    0x30, 0x0, 0x0, 0x0, 0x0, 0x0, 0x3f, 0xff,
    0xe0, 0x0, 0x0, 0x0, 0x0, 0x0, 0x0, 0x5f,
    0xff, 0xc0, 0x0, 0x0, 0x0, 0x0, 0x0, 0x0,
    0x3f, 0xff, 0xd0, 0x0, 0x0, 0x0, 0x0, 0x0,
    0x0, 0x1f, 0xff, 0xf0, 0x0, 0x0, 0x0, 0x0,
    0x0, 0x0, 0xf, 0xff, 0xf1, 0x0, 0x0, 0x0,
    0x0, 0x0, 0x0, 0xd, 0xff, 0xf3, 0x0, 0x0,
    0x0, 0x0, 0x0, 0x0, 0xb, 0xff, 0xf6, 0x0,
    0x0, 0x0, 0x0, 0x0, 0x0, 0x9, 0xff, 0xf8,
    0x0, 0x0, 0x0, 0x0, 0x0, 0x0, 0x7, 0xff,
    0xfa, 0x0, 0x0, 0x0, 0x0, 0x0, 0x0, 0x8,
    0xff, 0xfb, 0x0, 0x0, 0x0, 0x0, 0x0, 0x0,
    0x4e, 0xff, 0xf9, 0x0, 0x0, 0x0, 0x0, 0x5a,
    0xbd, 0xff, 0xff, 0xf4, 0x0, 0x0, 0x0, 0x0,
    0x8f, 0xff, 0xff, 0xff, 0xa0, 0x0, 0x0, 0x0,
    0x0, 0x8f, 0xff, 0xff, 0xfa, 0x0, 0x0, 0x0,
    0x0, 0x0, 0x8f, 0xfe, 0xd9, 0x30, 0x0, 0x0,
    0x0, 0x0, 0x0,

    /* U+007E "~" */
    0x0, 0x0, 0x23, 0x20, 0x0, 0x0, 0x0, 0x0,
    0x0, 0x0, 0x7, 0xef, 0xff, 0xe7, 0x0, 0x0,
    0x1, 0xcc, 0xc6, 0x9, 0xff, 0xff, 0xff, 0xf9,
    0x0, 0x0, 0x2f, 0xff, 0x73, 0xff, 0xff, 0xff,
    0xff, 0xf6, 0x0, 0x2, 0xff, 0xf7, 0x8f, 0xff,
    0x70, 0x4e, 0xff, 0xf3, 0x0, 0x3f, 0xff, 0x7a,
    0xff, 0xf0, 0x0, 0x4f, 0xff, 0xf7, 0x5c, 0xff,
    0xf4, 0xbf, 0xff, 0x0, 0x0, 0x7f, 0xff, 0xff,
    0xff, 0xfd, 0xb, 0xff, 0xf0, 0x0, 0x0, 0x9f,
    0xff, 0xff, 0xfe, 0x30, 0x68, 0x88, 0x0, 0x0,
    0x0, 0x5c, 0xef, 0xe9, 0x10, 0x0
};


/*---------------------
 *  GLYPH DESCRIPTION
 *--------------------*/

static const lv_font_fmt_txt_glyph_dsc_t glyph_dsc[] = {
    {.bitmap_index = 0, .adv_w = 0, .box_w = 0, .box_h = 0, .ofs_x = 0, .ofs_y = 0} /* id = 0 reserved */,
    {.bitmap_index = 0, .adv_w = 365, .box_w = 0, .box_h = 0, .ofs_x = 0, .ofs_y = 0},
    {.bitmap_index = 0, .adv_w = 365, .box_w = 7, .box_h = 27, .ofs_x = 8, .ofs_y = 0},
    {.bitmap_index = 95, .adv_w = 365, .box_w = 14, .box_h = 12, .ofs_x = 4, .ofs_y = 15},
    {.bitmap_index = 179, .adv_w = 365, .box_w = 21, .box_h = 27, .ofs_x = 1, .ofs_y = 0},
    {.bitmap_index = 463, .adv_w = 365, .box_w = 19, .box_h = 38, .ofs_x = 2, .ofs_y = -5},
    {.bitmap_index = 824, .adv_w = 365, .box_w = 23, .box_h = 27, .ofs_x = 0, .ofs_y = 0},
    {.bitmap_index = 1135, .adv_w = 365, .box_w = 24, .box_h = 27, .ofs_x = 0, .ofs_y = 0},
    {.bitmap_index = 1459, .adv_w = 365, .box_w = 5, .box_h = 12, .ofs_x = 9, .ofs_y = 15},
    {.bitmap_index = 1489, .adv_w = 365, .box_w = 13, .box_h = 37, .ofs_x = 6, .ofs_y = -5},
    {.bitmap_index = 1730, .adv_w = 365, .box_w = 13, .box_h = 37, .ofs_x = 4, .ofs_y = -5},
    {.bitmap_index = 1971, .adv_w = 365, .box_w = 21, .box_h = 20, .ofs_x = 1, .ofs_y = 3},
    {.bitmap_index = 2181, .adv_w = 365, .box_w = 19, .box_h = 18, .ofs_x = 2, .ofs_y = 4},
    {.bitmap_index = 2352, .adv_w = 365, .box_w = 8, .box_h = 12, .ofs_x = 7, .ofs_y = -6},
    {.bitmap_index = 2400, .adv_w = 365, .box_w = 13, .box_h = 4, .ofs_x = 5, .ofs_y = 11},
    {.bitmap_index = 2426, .adv_w = 365, .box_w = 7, .box_h = 7, .ofs_x = 8, .ofs_y = 0},
    {.bitmap_index = 2451, .adv_w = 365, .box_w = 19, .box_h = 36, .ofs_x = 2, .ofs_y = -4},
    {.bitmap_index = 2793, .adv_w = 365, .box_w = 18, .box_h = 27, .ofs_x = 2, .ofs_y = 0},
    {.bitmap_index = 3036, .adv_w = 365, .box_w = 18, .box_h = 27, .ofs_x = 3, .ofs_y = 0},
    {.bitmap_index = 3279, .adv_w = 365, .box_w = 19, .box_h = 27, .ofs_x = 2, .ofs_y = 0},
    {.bitmap_index = 3536, .adv_w = 365, .box_w = 18, .box_h = 27, .ofs_x = 2, .ofs_y = 0},
    {.bitmap_index = 3779, .adv_w = 365, .box_w = 17, .box_h = 27, .ofs_x = 2, .ofs_y = 0},
    {.bitmap_index = 4009, .adv_w = 365, .box_w = 18, .box_h = 27, .ofs_x = 2, .ofs_y = 0},
    {.bitmap_index = 4252, .adv_w = 365, .box_w = 19, .box_h = 27, .ofs_x = 2, .ofs_y = 0},
    {.bitmap_index = 4509, .adv_w = 365, .box_w = 20, .box_h = 27, .ofs_x = 2, .ofs_y = 0},
    {.bitmap_index = 4779, .adv_w = 365, .box_w = 19, .box_h = 27, .ofs_x = 2, .ofs_y = 0},
    {.bitmap_index = 5036, .adv_w = 365, .box_w = 19, .box_h = 27, .ofs_x = 2, .ofs_y = 0},
    {.bitmap_index = 5293, .adv_w = 365, .box_w = 7, .box_h = 21, .ofs_x = 8, .ofs_y = 0},
    {.bitmap_index = 5367, .adv_w = 365, .box_w = 8, .box_h = 27, .ofs_x = 7, .ofs_y = -6},
    {.bitmap_index = 5475, .adv_w = 365, .box_w = 17, .box_h = 21, .ofs_x = 3, .ofs_y = 2},
    {.bitmap_index = 5654, .adv_w = 365, .box_w = 17, .box_h = 13, .ofs_x = 3, .ofs_y = 6},
    {.bitmap_index = 5765, .adv_w = 365, .box_w = 17, .box_h = 21, .ofs_x = 3, .ofs_y = 2},
    {.bitmap_index = 5944, .adv_w = 365, .box_w = 15, .box_h = 27, .ofs_x = 4, .ofs_y = 0},
    {.bitmap_index = 6147, .adv_w = 365, .box_w = 21, .box_h = 34, .ofs_x = 1, .ofs_y = -7},
    {.bitmap_index = 6504, .adv_w = 365, .box_w = 21, .box_h = 27, .ofs_x = 1, .ofs_y = 0},
    {.bitmap_index = 6788, .adv_w = 365, .box_w = 18, .box_h = 27, .ofs_x = 3, .ofs_y = 0},
    {.bitmap_index = 7031, .adv_w = 365, .box_w = 18, .box_h = 27, .ofs_x = 3, .ofs_y = 0},
    {.bitmap_index = 7274, .adv_w = 365, .box_w = 17, .box_h = 27, .ofs_x = 3, .ofs_y = 0},
    {.bitmap_index = 7504, .adv_w = 365, .box_w = 17, .box_h = 27, .ofs_x = 3, .ofs_y = 0},
    {.bitmap_index = 7734, .adv_w = 365, .box_w = 18, .box_h = 27, .ofs_x = 3, .ofs_y = 0},
    {.bitmap_index = 7977, .adv_w = 365, .box_w = 18, .box_h = 27, .ofs_x = 3, .ofs_y = 0},
    {.bitmap_index = 8220, .adv_w = 365, .box_w = 17, .box_h = 27, .ofs_x = 3, .ofs_y = 0},
    {.bitmap_index = 8450, .adv_w = 365, .box_w = 17, .box_h = 27, .ofs_x = 3, .ofs_y = 0},
    {.bitmap_index = 8680, .adv_w = 365, .box_w = 19, .box_h = 27, .ofs_x = 1, .ofs_y = 0},
    {.bitmap_index = 8937, .adv_w = 365, .box_w = 19, .box_h = 27, .ofs_x = 3, .ofs_y = 0},
    {.bitmap_index = 9194, .adv_w = 365, .box_w = 18, .box_h = 27, .ofs_x = 4, .ofs_y = 0},
    {.bitmap_index = 9437, .adv_w = 365, .box_w = 19, .box_h = 27, .ofs_x = 2, .ofs_y = 0},
    {.bitmap_index = 9694, .adv_w = 365, .box_w = 17, .box_h = 27, .ofs_x = 3, .ofs_y = 0},
    {.bitmap_index = 9924, .adv_w = 365, .box_w = 17, .box_h = 27, .ofs_x = 3, .ofs_y = 0},
    {.bitmap_index = 10154, .adv_w = 365, .box_w = 19, .box_h = 27, .ofs_x = 3, .ofs_y = 0},
    {.bitmap_index = 10411, .adv_w = 365, .box_w = 19, .box_h = 34, .ofs_x = 2, .ofs_y = -7},
    {.bitmap_index = 10734, .adv_w = 365, .box_w = 18, .box_h = 27, .ofs_x = 3, .ofs_y = 0},
    {.bitmap_index = 10977, .adv_w = 365, .box_w = 19, .box_h = 27, .ofs_x = 2, .ofs_y = 0},
    {.bitmap_index = 11234, .adv_w = 365, .box_w = 20, .box_h = 27, .ofs_x = 1, .ofs_y = 0},
    {.bitmap_index = 11504, .adv_w = 365, .box_w = 17, .box_h = 27, .ofs_x = 3, .ofs_y = 0},
    {.bitmap_index = 11734, .adv_w = 365, .box_w = 21, .box_h = 27, .ofs_x = 1, .ofs_y = 0},
    {.bitmap_index = 12018, .adv_w = 365, .box_w = 23, .box_h = 27, .ofs_x = 0, .ofs_y = 0},
    {.bitmap_index = 12329, .adv_w = 365, .box_w = 21, .box_h = 27, .ofs_x = 1, .ofs_y = 0},
    {.bitmap_index = 12613, .adv_w = 365, .box_w = 21, .box_h = 27, .ofs_x = 1, .ofs_y = 0},
    {.bitmap_index = 12897, .adv_w = 365, .box_w = 17, .box_h = 27, .ofs_x = 3, .ofs_y = 0},
    {.bitmap_index = 13127, .adv_w = 365, .box_w = 11, .box_h = 35, .ofs_x = 7, .ofs_y = -4},
    {.bitmap_index = 13320, .adv_w = 365, .box_w = 19, .box_h = 36, .ofs_x = 2, .ofs_y = -4},
    {.bitmap_index = 13662, .adv_w = 365, .box_w = 11, .box_h = 35, .ofs_x = 5, .ofs_y = -4},
    {.bitmap_index = 13855, .adv_w = 365, .box_w = 18, .box_h = 15, .ofs_x = 2, .ofs_y = 13},
    {.bitmap_index = 13990, .adv_w = 365, .box_w = 19, .box_h = 4, .ofs_x = 2, .ofs_y = -4},
    {.bitmap_index = 14028, .adv_w = 365, .box_w = 10, .box_h = 6, .ofs_x = 5, .ofs_y = 24},
    {.bitmap_index = 14058, .adv_w = 365, .box_w = 18, .box_h = 21, .ofs_x = 2, .ofs_y = 0},
    {.bitmap_index = 14247, .adv_w = 365, .box_w = 17, .box_h = 27, .ofs_x = 3, .ofs_y = 0},
    {.bitmap_index = 14477, .adv_w = 365, .box_w = 18, .box_h = 21, .ofs_x = 3, .ofs_y = 0},
    {.bitmap_index = 14666, .adv_w = 365, .box_w = 17, .box_h = 27, .ofs_x = 3, .ofs_y = 0},
    {.bitmap_index = 14896, .adv_w = 365, .box_w = 18, .box_h = 21, .ofs_x = 2, .ofs_y = 0},
    {.bitmap_index = 15085, .adv_w = 365, .box_w = 20, .box_h = 27, .ofs_x = 1, .ofs_y = 0},
    {.bitmap_index = 15355, .adv_w = 365, .box_w = 17, .box_h = 28, .ofs_x = 3, .ofs_y = -7},
    {.bitmap_index = 15593, .adv_w = 365, .box_w = 17, .box_h = 27, .ofs_x = 3, .ofs_y = 0},
    {.bitmap_index = 15823, .adv_w = 365, .box_w = 19, .box_h = 30, .ofs_x = 3, .ofs_y = 0},
    {.bitmap_index = 16108, .adv_w = 365, .box_w = 15, .box_h = 37, .ofs_x = 3, .ofs_y = -7},
    {.bitmap_index = 16386, .adv_w = 365, .box_w = 19, .box_h = 27, .ofs_x = 3, .ofs_y = 0},
    {.bitmap_index = 16643, .adv_w = 365, .box_w = 21, .box_h = 27, .ofs_x = 1, .ofs_y = 0},
    {.bitmap_index = 16927, .adv_w = 365, .box_w = 19, .box_h = 21, .ofs_x = 2, .ofs_y = 0},
    {.bitmap_index = 17127, .adv_w = 365, .box_w = 17, .box_h = 21, .ofs_x = 3, .ofs_y = 0},
    {.bitmap_index = 17306, .adv_w = 365, .box_w = 18, .box_h = 21, .ofs_x = 2, .ofs_y = 0},
    {.bitmap_index = 17495, .adv_w = 365, .box_w = 17, .box_h = 28, .ofs_x = 3, .ofs_y = -7},
    {.bitmap_index = 17733, .adv_w = 365, .box_w = 17, .box_h = 28, .ofs_x = 3, .ofs_y = -7},
    {.bitmap_index = 17971, .adv_w = 365, .box_w = 18, .box_h = 21, .ofs_x = 3, .ofs_y = 0},
    {.bitmap_index = 18160, .adv_w = 365, .box_w = 18, .box_h = 21, .ofs_x = 2, .ofs_y = 0},
    {.bitmap_index = 18349, .adv_w = 365, .box_w = 19, .box_h = 27, .ofs_x = 1, .ofs_y = 0},
    {.bitmap_index = 18606, .adv_w = 365, .box_w = 17, .box_h = 21, .ofs_x = 3, .ofs_y = 0},
    {.bitmap_index = 18785, .adv_w = 365, .box_w = 21, .box_h = 21, .ofs_x = 1, .ofs_y = 0},
    {.bitmap_index = 19006, .adv_w = 365, .box_w = 22, .box_h = 21, .ofs_x = 0, .ofs_y = 0},
    {.bitmap_index = 19237, .adv_w = 365, .box_w = 21, .box_h = 21, .ofs_x = 1, .ofs_y = 0},
    {.bitmap_index = 19458, .adv_w = 365, .box_w = 21, .box_h = 28, .ofs_x = 1, .ofs_y = -7},
    {.bitmap_index = 19752, .adv_w = 365, .box_w = 17, .box_h = 21, .ofs_x = 3, .ofs_y = 0},
    {.bitmap_index = 19931, .adv_w = 365, .box_w = 18, .box_h = 35, .ofs_x = 2, .ofs_y = -4},
    {.bitmap_index = 20246, .adv_w = 365, .box_w = 5, .box_h = 36, .ofs_x = 9, .ofs_y = -4},
    {.bitmap_index = 20336, .adv_w = 365, .box_w = 18, .box_h = 35, .ofs_x = 3, .ofs_y = -4},
    {.bitmap_index = 20651, .adv_w = 365, .box_w = 19, .box_h = 9, .ofs_x = 2, .ofs_y = 9}
};

/*---------------------
 *  CHARACTER MAPPING
 *--------------------*/



/*Collect the unicode lists and glyph_id offsets*/
static const lv_font_fmt_txt_cmap_t cmaps[] =
{
    {
        .range_start = 32, .range_length = 95, .glyph_id_start = 1,
        .unicode_list = NULL, .glyph_id_ofs_list = NULL, .list_length = 0, .type = LV_FONT_FMT_TXT_CMAP_FORMAT0_TINY
    }
};



/*--------------------
 *  ALL CUSTOM DATA
 *--------------------*/

#if LVGL_VERSION_MAJOR == 8
/*Store all the custom data of the font*/
static  lv_font_fmt_txt_glyph_cache_t cache;
#endif

#if LVGL_VERSION_MAJOR >= 8
static const lv_font_fmt_txt_dsc_t font_dsc = {
#else
static lv_font_fmt_txt_dsc_t font_dsc = {
#endif
    .glyph_bitmap = glyph_bitmap,
    .glyph_dsc = glyph_dsc,
    .cmaps = cmaps,
    .kern_dsc = NULL,
    .kern_scale = 0,
    .cmap_num = 1,
    .bpp = 4,
    .kern_classes = 0,
    .bitmap_format = 0,
#if LVGL_VERSION_MAJOR == 8
    .cache = &cache
#endif
};



/*-----------------
 *  PUBLIC FONT
 *----------------*/

/*Initialize a public general font descriptor*/
#if LVGL_VERSION_MAJOR >= 8
const lv_font_t wavex_mono_38 = {
#else
lv_font_t wavex_mono_38 = {
#endif
    .get_glyph_dsc = lv_font_get_glyph_dsc_fmt_txt,    /*Function pointer to get glyph's data*/
    .get_glyph_bitmap = lv_font_get_bitmap_fmt_txt,    /*Function pointer to get glyph's bitmap*/
    .line_height = 40,          /*The maximum line height required by the font*/
    .base_line = 7,             /*Baseline measured from the bottom of the line*/
#if !(LVGL_VERSION_MAJOR == 6 && LVGL_VERSION_MINOR == 0)
    .subpx = LV_FONT_SUBPX_NONE,
#endif
#if LV_VERSION_CHECK(7, 4, 0) || LVGL_VERSION_MAJOR >= 8
    .underline_position = -6,
    .underline_thickness = 2,
#endif
    .dsc = &font_dsc,          /*The custom font data. Will be accessed by `get_glyph_bitmap/dsc` */
#if LV_VERSION_CHECK(8, 2, 0) || LVGL_VERSION_MAJOR >= 9
    .fallback = NULL,
#endif
    .user_data = NULL,
};



#endif /*#if WAVEX_MONO_38*/

